650,Chespin,https://www.smogon.com/forums/attachments/650-png.290751/,https://www.smogon.com/forums/attachments/650s-png.290754/,GeoisEvil,"aXl, Kyleo, princessofmusic, leParagon"
651,Quilladin,https://www.smogon.com/forums/attachments/651-png.273559/,https://www.smogon.com/forums/attachments/651s-png.275660/,"aXl, TheAetherPlayer (shiny), leParagon (back)","Kyleo, Quanyails, Layell, princessofmusic, leParagon"
652,Chesnaught,https://www.smogon.com/forums/attachments/652-png.293902/,https://www.smogon.com/forums/attachments/652s-png.293903/,"N-Kin, leParagon (shiny), G.E.Z. (back)",leParagon
653,Fennekin,https://www.smogon.com/forums/attachments/653-png.273560/,https://www.smogon.com/forums/attachments/653s-png.273562/,N-Kin,princessofmusic
654,Braixen,https://www.smogon.com/forums/attachments/654-png.273564/,https://www.smogon.com/forums/attachments/654s-png.273565/,aXl,"princessofmusic, leParagon (back)"
655,Delphox,https://www.smogon.com/forums/attachments/655-png.293904/,https://www.smogon.com/forums/attachments/655s-png.293905/,"Quanyails, G.E.Z. (back)","Kyleo, princessofmusic, Layell, aXl, leParagon"
656,Froakie,https://www.smogon.com/forums/attachments/656-png.273566/,https://www.smogon.com/forums/attachments/656s-png.273568/,"Quanyails, G.E.Z. (back)",
657,Frogadier,https://www.smogon.com/forums/attachments/657-png.293906/,https://www.smogon.com/forums/attachments/657s-png.293907/,aXl,"Kyleo, leParagon, G.E.Z."
658,Greninja,https://www.smogon.com/forums/attachments/658-png.273570/,https://www.smogon.com/forums/attachments/658s-png.273572/,aXl,Layell
659,Bunnelby,https://www.smogon.com/forums/attachments/659-png.276615/,https://www.smogon.com/forums/attachments/659s-png.276617/,Wobblebuns,"Layell, princessofmusic, leParagon"
660,Diggersby,https://www.smogon.com/forums/attachments/660-png.293908/,https://www.smogon.com/forums/attachments/660s-png.293909/,RedRooster,"Legitimate Username, Wobblebuns, Layell, princessofmusic, leParagon, G.E.Z."
661,Fletchling,https://www.smogon.com/forums/attachments/661-png.276619/,https://www.smogon.com/forums/attachments/661s-png.276620/,Wyverii,"princessofmusic, leParagon, G.E.Z."
662,Fletchinder,https://www.smogon.com/forums/attachments/662-png.290756/,https://www.smogon.com/forums/attachments/662s-png.290757/,princessofmusic,"leParagon, G.E.Z."
663,Talonflame,https://www.smogon.com/forums/attachments/663-png.273574/,https://www.smogon.com/forums/attachments/663s-png.273576/,Wyverii,"Harrie, princessofmusic"
664,Scatterbug,https://www.smogon.com/forums/attachments/664-png.274439/,https://www.smogon.com/forums/attachments/664s-png.274440/,"leParagon, TheAetherPlayer (shiny)","TheAetherPlayer, G.E.Z."
665,Spewpa,https://www.smogon.com/forums/attachments/665-png.273579/,https://www.smogon.com/forums/attachments/665s-png.274441/,"leParagon, TheAetherPlayer (shiny)",leParagon
666-M,Vivillon-meadow,https://www.smogon.com/forums/attachments/666_1-png.273580/,https://www.smogon.com/forums/attachments/666_1s-png.273581/,"Wobblebuns, TheAetherPlayer (shiny)",princessofmusic
666-C,Vivillon-continental,https://www.smogon.com/forums/attachments/666_4-png.273586/,https://www.smogon.com/forums/attachments/666_4s-png.273587/,"Basic Vanillite, Larryturbo, TheAetherPlayer (shiny)",
666-E,Vivillon-elegant,https://www.smogon.com/forums/attachments/666_6-png.273590/,https://www.smogon.com/forums/attachments/666_6s-png.273591/,"Basic Vanillite, Larryturbo, TheAetherPlayer (shiny)",
666-IS,Vivillon-icy_snow,https://www.smogon.com/forums/attachments/666_7-png.273592/,https://www.smogon.com/forums/attachments/666_7s-png.273593/,"Basic Vanillite, Larryturbo, TheAetherPlayer (shiny)",TheAetherPlayer (back)
666-Ms,Vivillon-monsoon,https://www.smogon.com/forums/attachments/666_14-png.273606/,https://www.smogon.com/forums/attachments/666_14s-png.273607/,"Basic Vanillite, Larryturbo, TheAetherPlayer (shiny)",TheAetherPlayer
666-Svn,Vivillon-savanna,https://www.smogon.com/forums/attachments/666_15-png.273608/,https://www.smogon.com/forums/attachments/666_15s-png.273609/,"Basic Vanillite, Larryturbo, TheAetherPlayer (shiny)",
666-S,Vivillon-sun,https://www.smogon.com/forums/attachments/666_16-png.273610/,https://www.smogon.com/forums/attachments/666_16s-png.273611/,"Basic Vanillite, Larryturbo, TheAetherPlayer (shiny)",
666-O,Vivillon-ocean,https://www.smogon.com/forums/attachments/666_17-png.273612/,https://www.smogon.com/forums/attachments/666_17s-png.273613/,"Basic Vanillite, Larryturbo, TheAetherPlayer (shiny)",TheAetherPlayer
666-J,Vivillon-jungle,https://www.smogon.com/forums/attachments/666_18-png.273614/,https://www.smogon.com/forums/attachments/666_18s-png.273615/,"Basic Vanillite, Larryturbo, TheAetherPlayer (shiny)",
666-Pk,Vivillon-pokeball,https://www.smogon.com/forums/attachments/666_20-png.273618/,https://www.smogon.com/forums/attachments/666_20s-png.273619/,"Basic Vanillite, Larryturbo, TheAetherPlayer (shiny)",
667,Litleo,https://www.smogon.com/forums/attachments/667-png.273620/,https://www.smogon.com/forums/attachments/667s-png.276622/,TheCynicalPoet,"Wobblebuns, princessofmusic, Layell, leParagon"
668-M,Pyroar-male,https://www.smogon.com/forums/attachments/668m-png.282237/,https://www.smogon.com/forums/attachments/668ms-png.282238/,"Arkeis (front), Layell (back)","leParagon, G.E.Z."
668-F,Pyroar-female,https://www.smogon.com/forums/attachments/668f-png.653039/,https://www.smogon.com/forums/attachments/668fs-png.653041/,"Arkeis (front), Layell (back)","leParagon, G.E.Z."
669-R,Flabébé-red,https://www.smogon.com/forums/attachments/669_1-png.276624/,https://www.smogon.com/forums/attachments/669_1s-png.276626/,"TheCynicalPoet, princessofmusic (colours)",leParagon
669-B,Flabébé-blue,https://www.smogon.com/forums/attachments/669_3-png.276632/,https://www.smogon.com/forums/attachments/669_3s-png.276634/,"TheCynicalPoet, princessofmusic (colours)",leParagon
669-W,Flabébé-white,https://www.smogon.com/forums/attachments/669_5-png.276640/,https://www.smogon.com/forums/attachments/669_5s-png.276642/,"TheCynicalPoet, princessofmusic (colours)",leParagon
670-R,Floette-red,https://www.smogon.com/forums/attachments/670_1-png.276644/,https://www.smogon.com/forums/attachments/670_1s-png.276646/,princessofmusic,"Wobblebuns, leParagon (colours)"
670-B,Floette-blue,https://www.smogon.com/forums/attachments/670_3-png.276652/,https://www.smogon.com/forums/attachments/670_3s-png.276654/,princessofmusic,"Wobblebuns, leParagon (colours)"
670-W,Floette-white,https://www.smogon.com/forums/attachments/670_5-png.276660/,https://www.smogon.com/forums/attachments/670_5s-png.276662/,princessofmusic,"Wobblebuns, leParagon (colours)"
670-EF,Floette-eternal_flower,https://www.smogon.com/forums/attachments/670_6-png.276664/,https://www.smogon.com/forums/attachments/670_6s-png.276666/,princessofmusic,"Wobblebuns, leParagon (colours)"
671-R,Florges-red,https://www.smogon.com/forums/attachments/671_1-png.276668/,https://www.smogon.com/forums/attachments/671_1s-png.276670/,princessofmusic,"Wobblebuns, leParagon (colours)"
671-B,Florges-blue,https://www.smogon.com/forums/attachments/671_3-png.276676/,https://www.smogon.com/forums/attachments/671_3s-png.276678/,princessofmusic,"Wobblebuns, leParagon (colours)"
671-w,Florges-white,https://www.smogon.com/forums/attachments/671_5-png.276684/,https://www.smogon.com/forums/attachments/671_5s-png.276686/,princessofmusic,"Wobblebuns, leParagon (colours)"
672,Skiddo,https://www.smogon.com/forums/attachments/672-png.276688/,https://www.smogon.com/forums/attachments/672s-png.276690/,"paintseagull, Wyverii","princessofmusic, aXl, Layell, leParagon"
673,Gogoat,https://www.smogon.com/forums/attachments/673-png.284246/,https://www.smogon.com/forums/attachments/673s-png.492508/,Siiilver,"princessofmusic, aXl, Layell, leParagon"
674,Pancham,https://www.smogon.com/forums/attachments/674-png.273637/,https://www.smogon.com/forums/attachments/674s-png.273639/,N-Kin,
675,Pangoro,https://www.smogon.com/forums/attachments/675-png.273641/,https://www.smogon.com/forums/attachments/675s-png.273642/,Branflakes325,"Wobblebuns, princessofmusic, leParagon (back)"
676,Furfrou-natural,https://www.smogon.com/forums/attachments/676_1-png.282239/,https://www.smogon.com/forums/attachments/676_1s-png.282241/,"Noscium, paintseagull (back reference), Layell (back)",leParagon
677,Espurr,https://www.smogon.com/forums/attachments/677-png.273643/,https://www.smogon.com/forums/attachments/677s-png.273645/,Quanyails,"Layell, Wobblebuns, Kyleo, aXl, princessofmusic"
678-M,Meowstic-male,https://www.smogon.com/forums/attachments/678m-png.273648/,https://www.smogon.com/forums/attachments/678ms-png.282247/,RedRooster,"Quanyails, Layell, aXl, leParagon"
678-F,Meowstic-female,https://www.smogon.com/forums/attachments/678f-png.273647/,https://www.smogon.com/forums/attachments/678fs-png.282244/,RedRooster,"Quanyails, Layell, aXl, leParagon"
679,Honedge,https://www.smogon.com/forums/attachments/679_2-png.284236/,https://www.smogon.com/forums/attachments/679_2s-png.284237/,Quanyails,"Legitimate Username, Layell, aXl, princessofmusic, leParagon"
679-S,Honedge-sheathed,https://www.smogon.com/forums/attachments/679_1-png.284234/,https://www.smogon.com/forums/attachments/679_1s-png.284235/,leParagon,
680,Doublade,https://www.smogon.com/forums/attachments/680_2-png.300600/,https://www.smogon.com/forums/attachments/680_2s-png.300601/,"leParagon, G.E.Z. (Back)",
680-S,Doublade-sheathed,https://www.smogon.com/forums/attachments/680_1-png.300598/,https://www.smogon.com/forums/attachments/680_1s-png.300599/,"leParagon, G.E.Z. (Back)",
681-Sh,Aegislash-shield,https://www.smogon.com/forums/attachments/681_1-png.300602/,https://www.smogon.com/forums/attachments/681_1s-png.300603/,N-Kin,
681-B,Aegislash-blade,https://www.smogon.com/forums/attachments/681_2-png.300604/,https://www.smogon.com/forums/attachments/681_2s-png.300605/,"N-Kin, leParagon",
682,Spritzee,https://www.smogon.com/forums/attachments/682-png.273651/,https://www.smogon.com/forums/attachments/682s-png.273653/,"Sleet, Wyverii","princessofmusic, leParagon"
683,Aromatisse,https://www.smogon.com/forums/attachments/683-png.275700/,https://www.smogon.com/forums/attachments/683s-png.275701/,Arkeis,"princessofmusic, leParagon"
684,Swirlix,https://www.smogon.com/forums/attachments/684-png.273655/,https://www.smogon.com/forums/attachments/684s-png.273657/,Wobblebuns,princessofmusic
685,Slurpuff,https://www.smogon.com/forums/attachments/685-png.273659/,https://www.smogon.com/forums/attachments/685s-png.273660/,Arkeis,"Wobblebuns, princessofmusic, leParagon (back)"
686,Inkay,https://www.smogon.com/forums/attachments/686-png.273661/,https://www.smogon.com/forums/attachments/686s-png.273662/,Zermonious,"Siiilver, Layell, princessofmusic, leParagon (back)"
687,Malamar,https://www.smogon.com/forums/attachments/687-png.276692/,https://www.smogon.com/forums/attachments/687s-png.276693/,Bynine,"Layell, Wyverii, Siiilver, princessofmusic, aXl, leParagon"
688,Binacle,https://www.smogon.com/forums/attachments/688-png.293910/,https://www.smogon.com/forums/attachments/688s-png.293912/,"N-Kin, leParagon (shiny)",leParagon
689,Barbaracle,https://www.smogon.com/forums/attachments/689-png.293914/,https://www.smogon.com/forums/attachments/689s-png.293915/,"RedRooster, Layell","Kyleo, aXl, leParagon"
690,Skrelp,https://www.smogon.com/forums/attachments/690-png.273663/,https://www.smogon.com/forums/attachments/690s-png.273665/,Sleet,"Quanyails, princessofmusic"
691,Dragalge,https://www.smogon.com/forums/attachments/691-png.293916/,https://www.smogon.com/forums/attachments/691s-png.293917/,"N-Kin, leParagon (shiny)",
692,Clauncher,https://www.smogon.com/forums/attachments/692-png.273667/,https://www.smogon.com/forums/attachments/692s-png.273669/,Quanyails,princessofmusic
693,Clawitzer,https://www.smogon.com/forums/attachments/693-png.273671/,https://www.smogon.com/forums/attachments/693s_1-png.653050/,"aXl, G.E.Z. (Shiny)","leParagon, Antiant"
694,Helioptile,https://www.smogon.com/forums/attachments/694-png.293918/,https://www.smogon.com/forums/attachments/694s-png.293920/,"Wobblebuns, leParagon (back)","Layell, Kyleo, princessofmusic, leParagon"
695,Heliolisk,https://www.smogon.com/forums/attachments/695-png.293922/,https://www.smogon.com/forums/attachments/695s-png.293923/,"Quanyails, Arkeis","Layell, Kyleo, princessofmusic, Wobblebuns, leParagon"
696,Tyrunt,https://www.smogon.com/forums/attachments/696-png.273672/,https://www.smogon.com/forums/attachments/696s-png.290762/,"aXl, leParagon (back)","Layell, Kyleo, princessofmusic, leParagon"
697,Tyrantrum,https://www.smogon.com/forums/attachments/697-png.276694/,https://www.smogon.com/forums/attachments/697s-png.276696/,"N-Kin, leParagon (back & shiny)",leParagon
698,Amaura,https://www.smogon.com/forums/attachments/698-png.492515/,https://www.smogon.com/forums/attachments/698s-png.492516/,"aXl, leParagon (back)","princessofmusic, leParagon, Sphex"
699,Aurorus,https://www.smogon.com/forums/attachments/699-png.290766/,https://www.smogon.com/forums/attachments/699s-png.290767/,"aXl, leParagon (back)","leParagon, G.E.Z."
700,Sylveon,https://www.smogon.com/forums/attachments/700-png.274482/,https://www.smogon.com/forums/attachments/700s-png.274483/,"Layell, TheAetherPlayer (shiny), leParagon (back)","Wyverii, princessofmusic, Quanyails, leParagon, TheAetherPlayer"
701,Hawlucha,https://www.smogon.com/forums/attachments/701-png.273676/,https://www.smogon.com/forums/attachments/701s-png.273678/,Wobblebuns,"princessofmusic, aXl"
702,Dedenne,https://www.smogon.com/forums/attachments/702-png.273680/,https://www.smogon.com/forums/attachments/702s-png.273681/,"GeoisEvil (front), princessofmusic (back)",leParagon (back)
703,Carbink,https://www.smogon.com/forums/attachments/703-png.273682/,https://www.smogon.com/forums/attachments/703s-png.290769/,princessofmusic,leParagon
704,Goomy,https://www.smogon.com/forums/attachments/704-png.273683/,https://www.smogon.com/forums/attachments/704s-png.273684/,Corson,"Branflakes325, Layell, Wyverii, Wobblebuns, princessofmusic, leParagon (back)"
705,Sliggoo,https://www.smogon.com/forums/attachments/705-png.293941/,https://www.smogon.com/forums/attachments/705s-png.293942/,Branflakes325,"Layell, Quanyails, aXl, princessofmusic, leParagon"
706,Goodra,https://www.smogon.com/forums/attachments/706-png.290771/,https://www.smogon.com/forums/attachments/706s-png.290773/,"Legitimate Username, Branflake325, Quanyails","Layell, Quanyails, aXl, princessofmusic, leParagon"
707,Klefki,https://www.smogon.com/forums/attachments/707-png.284242/,https://www.smogon.com/forums/attachments/707s-png.284244/,princessofmusic,"aXl, Wobblebuns"
708,Phantump,https://www.smogon.com/forums/attachments/708-png.290774/,https://www.smogon.com/forums/attachments/708s-png.290776/,"Wobblebuns, leParagon (back)","Wyverii, princessofmusic, leParagon"
709,Trevenant,https://www.smogon.com/forums/attachments/709-png.293924/,https://www.smogon.com/forums/attachments/709s-png.293925/,"Galifia, N-Kin","Legitimate Username, princessofmusic, leParagon"
710,Pumpkaboo-average,https://www.smogon.com/forums/attachments/710-png.273685/,https://www.smogon.com/forums/attachments/710s-png.273687/,Wobblebuns,
711,Gourgeist-average,https://www.smogon.com/forums/attachments/711_1-png.293926/,https://www.smogon.com/forums/attachments/711_1s-png.293927/,"RedRooster, N-Kin",leParagon
712,Bergmite,https://www.smogon.com/forums/attachments/712-png.273689/,https://www.smogon.com/forums/attachments/712s-png.274484/,Sleet,"princessofmusic, aXl, leParagon"
713,Avalugg,https://www.smogon.com/forums/attachments/713-png.282253/,https://www.smogon.com/forums/attachments/713s-png.282254/,aXl,
714,Noibat,https://www.smogon.com/forums/attachments/714-png.275702/,https://www.smogon.com/forums/attachments/714s-png.275703/,Quanyails,"princessofmusic, aXl, Layell, leParagon, G.E.Z."
715,Noivern,https://www.smogon.com/forums/attachments/715-png.282255/,https://www.smogon.com/forums/attachments/715s-png.282256/,"leParagon, aXl (flying pose)","princessofmusic (flying pose), Layell (flying pose)"
716,Xerneas,https://www.smogon.com/forums/attachments/716_1-png.273690/,https://www.smogon.com/forums/attachments/716_1s-png.273691/,N-Kin,"princessofmusic, leParagon, G.E.Z."
717,Yveltal,https://www.smogon.com/forums/attachments/717-png.273692/,https://www.smogon.com/forums/attachments/717s-png.273693/,"leParagon, G.E.Z. (Back)",
718-50,Zygarde-50%,https://www.smogon.com/forums/attachments/718_1-png.275704/,https://www.smogon.com/forums/attachments/718_1s-png.275706/,"Legitimate Username, Noscium","Layell, aXl, leParagon"
718-Cr,Zygarde-core,https://www.smogon.com/forums/attachments/718_4-png.273696/,https://www.smogon.com/forums/attachments/718_4s-png.273697/,leParagon,
718-Cl,Zygarde-cell,https://www.smogon.com/forums/attachments/718_5-png.273698/,https://www.smogon.com/forums/attachments/718_5s-png.273699/,leParagon,
719,Diancie,https://www.smogon.com/forums/attachments/719_1-png.273700/,https://www.smogon.com/forums/attachments/719_1s-png.653058/,"Legitimate Username, leParagon (back), TheAetherPlayer (Shiny)","aXl, leParagon"
720-C,Hoopa-confined,https://www.smogon.com/forums/attachments/720_1-png.274487/,https://www.smogon.com/forums/attachments/720_1s-png.274488/,aXl,"aXl, leParagon"
720-U,Hoopa-unbound,https://www.smogon.com/forums/attachments/720_2-png.282257/,https://www.smogon.com/forums/attachments/720_2s-png.282258/,"TrainerSplash, aXl, Quanyails",leParagon
721,Volcanion,https://www.smogon.com/forums/attachments/721-png.273701/,https://www.smogon.com/forums/attachments/721s-png.273702/,Quanyails,
382-P,Kyogre,https://www.smogon.com/forums/attachments/382_2-png.273713/,https://www.smogon.com/forums/attachments/382_2s-png.273714/,Farriella,"TrainerSplash, leParagon"
383-P,Groudon,https://www.smogon.com/forums/attachments/383_2-png.273715/,https://www.smogon.com/forums/attachments/383_2s-png.273716/,Layell,"TrainerSplash, leParagon"
M-003,Venusaur,https://www.smogon.com/forums/attachments/003_2-png.276600/,https://www.smogon.com/forums/attachments/003_2s-png.276602/,G.E.Z.,
M-006-X,Charizard-X,https://www.smogon.com/forums/attachments/006_2-png.274409/,https://www.smogon.com/forums/attachments/006_2s-png.274410/,"Layell, TheAetherPlayer (shiny), leParagon (back)","Ice-cold Claws, doomchaos, leParagon"
M-006-Y,Charizard-Y,https://www.smogon.com/forums/attachments/006_3-png.274411/,https://www.smogon.com/forums/attachments/006s_3-png.274412/,"Noscium, Layell, TheAetherPlayer (shiny)","Luigi Player, leParagon"
M-009,Blastoise,https://www.smogon.com/forums/attachments/009_2-png.276604/,https://www.smogon.com/forums/attachments/009_2s-png.276605/,N-Kin,
M-015,Beedrill,https://www.smogon.com/forums/attachments/015_2-png.300574/,https://www.smogon.com/forums/attachments/015_2s-png.300575/,Sleet,leParagon
M-018,Pidgeot,https://www.smogon.com/forums/attachments/018_2-png.300576/,https://www.smogon.com/forums/attachments/018_2s-png.300577/,leParagon,
M-065,Alakazam,https://www.smogon.com/forums/attachments/065_2-png.274413/,https://www.smogon.com/forums/attachments/065_2s-png.274414/,"Noscium, RedRooster, leParagon (back)","Quanyails, aXl, Turtleye, Layell, Wobblebuns, leParagon"
M-087,Slowbro,https://www.smogon.com/forums/attachments/080_2-png.275673/,https://www.smogon.com/forums/attachments/080_2s-png.275674/,"TheCynicalPoet, Layell","Glustora, leParagon"
M-094,Gengar,https://www.smogon.com/forums/attachments/094_2-png.275675/,https://www.smogon.com/forums/attachments/094_2s-png.275676/,"MrDollSteak, leParagon",
M-115,Kangaskhan,https://www.smogon.com/forums/attachments/115_2-png.273703/,https://www.smogon.com/forums/attachments/115_2s-png.273705/,Wobblebuns,Layell
M-115-B,Kangaskhan-baby,https://www.smogon.com/forums/attachments/115_3-png.273707/,https://www.smogon.com/forums/attachments/115_3s-png.273709/,Wobblebuns,Layell
M-127,Pinsir,https://www.smogon.com/forums/attachments/127_2-png.300578/,https://www.smogon.com/forums/attachments/127_2s-png.300579/,Bynine,"TeraVolt, Tyrell D. Barnes, Layell, leParagon"
M-130,Gyarados,https://www.smogon.com/forums/attachments/130_2-png.300580/,https://www.smogon.com/forums/attachments/130_2s-png.300581/,leParagon,
M-142,Aerodactyl,https://www.smogon.com/forums/attachments/142_2-png.275677/,https://www.smogon.com/forums/attachments/142_2s-png.275678/,leParagon,
M-150-X,Mewtwo-X,https://www.smogon.com/forums/attachments/150_2-png.274415/,https://www.smogon.com/forums/attachments/150_2s-png.274416/,leParagon,
M-150-Y,Mewtwo-Y,https://www.smogon.com/forums/attachments/150_3-png.274417/,https://www.smogon.com/forums/attachments/150_3s-png.274418/,leParagon,
M-181,Ampharos,https://www.smogon.com/forums/attachments/181_2-png.275718/,https://www.smogon.com/forums/attachments/181_2s-png.275720/,"Branflakes325, Layell, Wyverii",
M-208,Steelix,https://www.smogon.com/forums/attachments/208_2-png.300582/,https://www.smogon.com/forums/attachments/208_2s-png.300583/,leParagon,
M-212,Scizor,https://www.smogon.com/forums/attachments/212_2-png.300584/,https://www.smogon.com/forums/attachments/212_2s-png.300585/,leParagon,
M-214,Heracross,https://www.smogon.com/forums/attachments/214_2-png.300586/,https://www.smogon.com/forums/attachments/214_2s-png.300588/,"RedRooster, leParagon (back)","Layell, aXl, leParagon"
M-229,Houndoom,https://www.smogon.com/forums/attachments/229_2-png.275683/,https://www.smogon.com/forums/attachments/229_2s-png.275684/,TeraVolt,"Layell, leParagon"
M-248,Tyranitar,https://www.smogon.com/forums/attachments/248_2-png.293890/,https://www.smogon.com/forums/attachments/248_2s-png.293891/,"Layell, leParagon (back)",leParagon
M-254,Sceptile,https://www.smogon.com/forums/attachments/254_2-png.300590/,https://www.smogon.com/forums/attachments/254_2s-png.300591/,"TrainerSplash, TheCynicalPoet","Kyuzeth, Arhops, Layell, leParagon"
M-257,Blaziken,https://www.smogon.com/forums/attachments/257_2-png.274419/,https://www.smogon.com/forums/attachments/257_2s-png.274420/,"Dleep, Layell, TheAetherPlayer (shiny)","Turtleye, Speed-X, leParagon"
M-260,Swampert,https://www.smogon.com/forums/attachments/260_2-png.275685/,https://www.smogon.com/forums/attachments/260_2s-png.275686/,Layell,"aXl, leParagon"
M-282,Gardevoir,https://www.smogon.com/forums/attachments/282_2-png.274421/,https://www.smogon.com/forums/attachments/282_2s-png.274422/,"Wobblebuns, TheAetherPlayer (shiny)",leParagon
M-302,Sableye,https://www.smogon.com/forums/attachments/302_2-png.274423/,https://www.smogon.com/forums/attachments/302_2s-png.274424/,TrainerSplash,"Layell, aXl"
M-303,Mawile,https://www.smogon.com/forums/attachments/303_2-png.293892/,https://www.smogon.com/forums/attachments/303_2s-png.293893/,Legitimate Username,leParagon
M-306,Aggron,https://www.smogon.com/forums/attachments/306_2-png.300592/,https://www.smogon.com/forums/attachments/306_2s-png.300593/,"aXl, leParagon (back)","Layell, leParagon"
M-308,Medicham,https://www.smogon.com/forums/attachments/308_2-png.293894/,https://www.smogon.com/forums/attachments/308_2s-png.293895/,Wobblebuns,"Layell, leParagon"
M-310,Manectric,https://www.smogon.com/forums/attachments/310_2-png.275688/,https://www.smogon.com/forums/attachments/310_2s-png.275689/,leParagon,
M-319,Sharpedo,https://www.smogon.com/forums/attachments/319_2-png.274425/,https://www.smogon.com/forums/attachments/319_2s-png.274426/,"Layell, TheAetherPlayer (shiny)",leParagon
M-323,Camerupt,https://www.smogon.com/forums/attachments/323_2-png.274427/,https://www.smogon.com/forums/attachments/323_2s-png.274428/,"WPS, TheAetherPlayer (shiny)","Brylark, leParagon"
M-334,Altaria,https://www.smogon.com/forums/attachments/334_2-png.275690/,https://www.smogon.com/forums/attachments/334_2s-png.275691/,TheCynicalPoet,leParagon
M-354,Banette,https://www.smogon.com/forums/attachments/354_2-png.290743/,https://www.smogon.com/forums/attachments/354_2s-png.290744/,leParagon,
M-359,Absol,https://www.smogon.com/forums/attachments/359_2-png.290745/,https://www.smogon.com/forums/attachments/359_2s-png.290746/,"Layell, Quanyails","Wyverii, leParagon"
M-362,Glalie,https://www.smogon.com/forums/attachments/362_2-png.290747/,https://www.smogon.com/forums/attachments/362_2s-png.290748/,"Brylark, leParagon (back)",leParagon
M-373,Salamence,https://www.smogon.com/forums/attachments/373_2-png.273711/,https://www.smogon.com/forums/attachments/373_2s-png.273712/,leParagon,
M-376,Metagross,https://www.smogon.com/forums/attachments/376_2-png.274429/,https://www.smogon.com/forums/attachments/376_2s-png.274430/,leParagon,
M-380,Latias,https://www.smogon.com/forums/attachments/380_2-png.275692/,https://www.smogon.com/forums/attachments/380_2s-png.275693/,aXl,leParagon
M-381,Latios,https://www.smogon.com/forums/attachments/381_2-png.275694/,https://www.smogon.com/forums/attachments/381_2s-png.275695/,Quanyails,"Layell, Snivy101, leParagon"
M-384,Rayquaza,https://www.smogon.com/forums/attachments/384_2-png.276609/,https://www.smogon.com/forums/attachments/384_2s-png.276611/,"leParagon, G.E.Z. (back)",G.E.Z. (colours)
M-428,Lopunny,https://www.smogon.com/forums/attachments/428_2-png.300596/,https://www.smogon.com/forums/attachments/428_2s-png.300597/,leParagon,
M-445,Garchomp,https://www.smogon.com/forums/attachments/445_2-png.274431/,https://www.smogon.com/forums/attachments/445_2s-png.274432/,leParagon,
M-448,Lucario,https://www.smogon.com/forums/attachments/448_2-png.274433/,https://www.smogon.com/forums/attachments/448_2s-png.274434/,leParagon,
M-460,Abomasnow,https://www.smogon.com/forums/attachments/460_2-png.276613/,https://www.smogon.com/forums/attachments/460_2s-png.276614/,leParagon,
M-475,Gallade,https://www.smogon.com/forums/attachments/475_2-png.333228/,https://www.smogon.com/forums/attachments/475_2s-png.333230/,G.E.Z.,
M-531,Audino,https://www.smogon.com/forums/attachments/531_2-png.275696/,https://www.smogon.com/forums/attachments/531_2s-png.275697/,Wobblebuns,"Layell, leParagon"
M-719,Diancie,https://www.smogon.com/forums/attachments/719_2-png.653060/,https://www.smogon.com/forums/attachments/719_2s-png.653062/,"leParagon, TheAetherPlayer (Shiny)","TheAetherPlayer, G.E.Z."
025-Cs,Pikachu-cosplay,https://www.smogon.com/forums/attachments/025_1-png.273720/,https://www.smogon.com/forums/attachments/025_1s-png.273722/,leParagon,
025-RR,Pikachu-rock_star,https://www.smogon.com/forums/attachments/025_2-png.273724/,https://www.smogon.com/forums/attachments/025_2s-png.273726/,leParagon,
025-Bl,Pikachu-belle,https://www.smogon.com/forums/attachments/025_3-png.273728/,https://www.smogon.com/forums/attachments/025_3s-png.273730/,leParagon,
025-PS,Pikachu-pop_star,https://www.smogon.com/forums/attachments/025_4-png.273732/,https://www.smogon.com/forums/attachments/025_4s-png.273734/,leParagon,
025-PhD,Pikachu-PhD,https://www.smogon.com/forums/attachments/025_5-png.273736/,https://www.smogon.com/forums/attachments/025_5s-png.273738/,leParagon,
025-L,Pikachu-libre,https://www.smogon.com/forums/attachments/025_6-png.273740/,https://www.smogon.com/forums/attachments/025_6s-png.273742/,leParagon,
722,Rowlet,https://www.smogon.com/forums/attachments/722-png.102484/,https://www.smogon.com/forums/attachments/722s-png.102485/,N-Kin,
723,Dartrix,https://www.smogon.com/forums/attachments/723-png.102272/,https://www.smogon.com/forums/attachments/723s-png.102273/,leParagon,
724,Decidueye,https://www.smogon.com/forums/attachments/724-png.114744/,https://www.smogon.com/forums/attachments/724s-png.114745/,"leParagon, Zerudez","BlackWhiteRobin, leParagon"
725,Litten,https://www.smogon.com/forums/attachments/725-png.102486/,https://www.smogon.com/forums/attachments/725s-png.102487/,N-Kin,
726,Torracat,https://www.smogon.com/forums/attachments/726-png.102276/,https://www.smogon.com/forums/attachments/726s-png.102277/,leParagon,
727,Incineroar,https://www.smogon.com/forums/attachments/727-png.273487/,https://www.smogon.com/forums/attachments/727s-png.273488/,"leParagon, MyMarshlands (face reference)",
728,Popplio,https://www.smogon.com/forums/attachments/728-png.102488/,https://www.smogon.com/forums/attachments/728s-png.102489/,N-Kin,
729,Brionne,https://www.smogon.com/forums/attachments/729-png.272336/,https://www.smogon.com/forums/attachments/729s-png.272338/,"Wobblebuns, leParagon (back)","princessofmusic, leParagon"
730,Primarina,https://www.smogon.com/forums/attachments/730-png.102278/,https://www.smogon.com/forums/attachments/730s-png.102279/,"princessofmusic, TheAetherPlayer (back shiny)","Wobblebuns, princessofmusic, leParagon"
731,Pikipek,https://www.smogon.com/forums/attachments/pikipek-png.75943/,https://www.smogon.com/forums/attachments/pikipek_shiny-png.75944/,princessofmusic,
732,Trumbeak,https://www.smogon.com/forums/attachments/732-png.102280/,https://www.smogon.com/forums/attachments/732s-png.102281/,leParagon,
733,Toucannon,https://www.smogon.com/forums/attachments/733-png.102318/,,princessofmusic,
734,Yungoos,https://www.smogon.com/forums/attachments/734-png.272342/,https://www.smogon.com/forums/attachments/734s-png.272344/,leParagon,
735,Gumshoos,https://www.smogon.com/forums/attachments/735-png.173680/,https://www.smogon.com/forums/attachments/735s-png.173683/,leParagon,
736,Grubbin,https://www.smogon.com/forums/attachments/grubbin-png.73590/,https://www.smogon.com/forums/attachments/grubbin_shiny-png.73591/,Wobblebuns,princessofmusic
737,Charjabug,https://www.smogon.com/forums/attachments/737-png.102490/,https://www.smogon.com/forums/attachments/737s-png.102491/,leParagon,
738,Vikavolt,https://www.smogon.com/forums/attachments/738-png.128444/,https://www.smogon.com/forums/attachments/738s-png.128446/,aXl,leParagon
739,Crabrawler,https://www.smogon.com/forums/attachments/739-png.102282/,https://www.smogon.com/forums/attachments/739s-png.102283/,leParagon,
740,Crabominable,https://www.smogon.com/forums/attachments/740-png.113782/,https://www.smogon.com/forums/attachments/740s-png.113783/,leParagon,
741-B,Oricorio-baile,https://www.smogon.com/forums/attachments/741_1-png.127363/,https://www.smogon.com/forums/attachments/741_1s-png.132526/,aXl,"leParagon, TheAetherPlayer (shiny)"
741-PP,Oricorio-pom-pom,https://www.smogon.com/forums/attachments/741_2-png.127364/,https://www.smogon.com/forums/attachments/741_2s-png.132535/,princessofmusic,"aXl, leParagon, TheAetherPlayer (shiny)"
741-P,Oricorio-pa'u,https://www.smogon.com/forums/attachments/741_3-png.127365/,https://www.smogon.com/forums/attachments/741_3s-png.132537/,"leParagon, TheAetherPlayer (shiny)",
741-S,Oricorio-sensu,https://www.smogon.com/forums/attachments/741_4-png.127366/,https://www.smogon.com/forums/attachments/741_4s-png.132539/,Wobblebuns,"leParagon, TheAetherPlayer (shiny)"
742,Cutiefly,https://www.smogon.com/forums/attachments/742-png.128453/,https://www.smogon.com/forums/attachments/742s-png.128455/,princessofmusic,
743,Ribombee,https://www.smogon.com/forums/attachments/ribombee-qc-png.75784/,,princessofmusic,aXl
744,Rockruff,https://www.smogon.com/forums/attachments/744-png.102284/,https://www.smogon.com/forums/attachments/744s-png.102285/,leParagon,
745-MD,Lycanroc-midday,https://www.smogon.com/forums/attachments/745_1-png.102811/,https://www.smogon.com/forums/attachments/745_1s-png.102287/,leParagon,
745-MN,Lycanroc-midnight,https://www.smogon.com/forums/attachments/745_2-png.102288/,https://www.smogon.com/forums/attachments/745_2s-png.102289/,leParagon,
745-D,Lycanroc-dusk,https://www.smogon.com/forums/attachments/745_3-png.102290/,https://www.smogon.com/forums/attachments/745_3s-png.102291/,leParagon,
746-Sl,Wishiwashi_Solo,https://www.smogon.com/forums/attachments/746-png.102292/,https://www.smogon.com/forums/attachments/746s-png.102293/,leParagon,
746-Sc,Wishiwashi_School,https://www.smogon.com/forums/attachments/746_2-png.114000/,https://www.smogon.com/forums/attachments/746_2s-png.114001/,leParagon,
747,Mareanie,https://www.smogon.com/forums/attachments/marenie_new-png.74777/,https://www.smogon.com/forums/attachments/mareanie_news-png.74778/,"leParagon, fishbowlsoul90",
748,Toxapex,https://www.smogon.com/forums/attachments/748-png.171237/,https://www.smogon.com/forums/attachments/748s-png.171238/,"leParagon, TheAetherPlayer (shiny back)",MrDollSteak
749,Mudbray,https://www.smogon.com/forums/attachments/749-png.169989/,https://www.smogon.com/forums/attachments/749s-png.169990/,"Wobblebuns, leParagon (back), TheAetherPlayer (shiny)",leParagon
750,Mudsdale,https://www.smogon.com/forums/attachments/750-png.113784/,https://www.smogon.com/forums/attachments/750s-png.113785/,HealnDeal,leParagon
751,Dewpider,https://www.smogon.com/forums/attachments/751-png.102494/,https://www.smogon.com/forums/attachments/751s-png.102495/,leParagon,
752,Araquanid,https://www.smogon.com/forums/attachments/752-png.141996/,https://www.smogon.com/forums/attachments/752s-png.142041/,"The Cynical Poet, TheAetherPlayer (shiny), leParagon (back)","Wobblebuns, leParagon, TheAetherPlayer"
753,Fomantis,https://www.smogon.com/forums/attachments/753-png.128457/,https://www.smogon.com/forums/attachments/753s-png.128461/,Wobblebuns,
754,Lurantis,https://www.smogon.com/forums/attachments/754-png.128459/,https://www.smogon.com/forums/attachments/754s-png.128463/,Wobblebuns,
755,Morelull,https://www.smogon.com/forums/attachments/755-png.178622/,https://www.smogon.com/forums/attachments/755s-png.178624/,G.E.Z.,leParagon
756,Shiinotic,https://www.smogon.com/forums/attachments/756-png.171613/,https://www.smogon.com/forums/attachments/756s-png.171614/,G.E.Z.,leParagon
757,Salandit,https://www.smogon.com/forums/attachments/757-png.114002/,https://www.smogon.com/forums/attachments/757s-png.114003/,leParagon,
758,Salazzle,https://www.smogon.com/forums/attachments/758-png.114004/,https://www.smogon.com/forums/attachments/758s-png.114005/,leParagon,
759,Stufful,https://www.smogon.com/forums/attachments/759-png.102294/,https://www.smogon.com/forums/attachments/759s-png.102295/,leParagon,
760,Bewear,https://www.smogon.com/forums/attachments/bewear-png.73008/,,leParagon,princessofmusic
761,Bounsweet,https://www.smogon.com/forums/attachments/761-png.116867/,https://www.smogon.com/forums/attachments/761s-png.116868/,princessofmusic,
762,Steenee,https://www.smogon.com/forums/attachments/762-png.178628/,https://www.smogon.com/forums/attachments/762s-png.178630/,"princessofmusic, G.E.Z.",leParagon
763,Tsareena,https://www.smogon.com/forums/attachments/763-png.128485/,https://www.smogon.com/forums/attachments/763s-png.130424/,"Wobblebuns, aXl","princessofmusic, leParagon"
764,Comfey,https://www.smogon.com/forums/attachments/comfey-png.72932/,,Espeon Scientist,"leParagon, princessofmusic"
765,Oranguru,https://www.smogon.com/forums/attachments/765-png.102296/,https://www.smogon.com/forums/attachments/765s-png.102297/,leParagon,
766,Passimian,https://www.smogon.com/forums/attachments/766-png.102496/,https://www.smogon.com/forums/attachments/766s-png.102497/,leParagon,
767,Wimpod,https://www.smogon.com/forums/attachments/767-png.102498/,https://www.smogon.com/forums/attachments/767s-png.102499/,leParagon,
768,Golisopod,https://www.smogon.com/forums/attachments/768-png.102298/,https://www.smogon.com/forums/attachments/768s-png.102299/,leParagon,
769,Sandygast,https://www.smogon.com/forums/attachments/sandygast-png.71794/,https://www.smogon.com/forums/attachments/sandygast_shiny-png.71799/,princessofmusic,
770,Palossand,https://www.smogon.com/forums/attachments/palossand-png.71786/,https://www.smogon.com/forums/attachments/palossand_shiny-png.71796/,princessofmusic,aXl
771,Pyukumuku,https://www.smogon.com/forums/attachments/pyukumuku-png.75928/,https://www.smogon.com/forums/attachments/pyukumuku_shiny-png.75929/,princessofmusic,
772,Type_Null,https://www.smogon.com/forums/attachments/772-png.102300/,https://www.smogon.com/forums/attachments/772s-png.102301/,leParagon,
773,Silvally-normal,https://www.smogon.com/forums/attachments/773_1-png.125062/,https://www.smogon.com/forums/attachments/773_1s-png.170238/,"leParagon, AMVictory (shiny)",
774-M,Minior-meteor,https://www.smogon.com/forums/attachments/774_1-png.102500/,https://www.smogon.com/forums/attachments/774_1s-png.272348/,leParagon,
774-B,Minior-blue,https://www.smogon.com/forums/attachments/774_2-png.114219/,https://www.smogon.com/forums/attachments/774_2s-png.272350/,leParagon,
774-G,Minior-green,https://www.smogon.com/forums/attachments/774_3-png.114220/,https://www.smogon.com/forums/attachments/774_3s-png.272352/,leParagon,
774-I,Minior-indigo,https://www.smogon.com/forums/attachments/774_4-png.114221/,https://www.smogon.com/forums/attachments/774_4s-png.272354/,leParagon,
774-O,Minior-orange,https://www.smogon.com/forums/attachments/774_5-png.114222/,https://www.smogon.com/forums/attachments/774_5s-png.272356/,leParagon,
774-R,Minior-red,https://www.smogon.com/forums/attachments/774_2-png.102501/,https://www.smogon.com/forums/attachments/774_6s-png.272358/,leParagon,
774-V,Minior-violet,https://www.smogon.com/forums/attachments/774_7-png.114223/,https://www.smogon.com/forums/attachments/774_7s-png.272360/,leParagon,
774-Y,Minior-yellow,https://www.smogon.com/forums/attachments/774_8-png.114224/,https://www.smogon.com/forums/attachments/774_8s-png.272362/,leParagon,
775,Komala,https://www.smogon.com/forums/attachments/775-png.102310/,https://www.smogon.com/forums/attachments/775s-png.102311/,leParagon,
776,Turtonator,https://www.smogon.com/forums/attachments/776-png.102302/,https://www.smogon.com/forums/attachments/776s-png.102303/,leParagon,
777,Togedemaru,https://www.smogon.com/forums/attachments/togedemaru-png.72906/,https://www.smogon.com/forums/attachments/togedemaru_shiny-png.72942/,Espeon Scientist,princessofmusic
778,Mimikyu-disguised,https://www.smogon.com/forums/attachments/778_1-png.116854/,https://www.smogon.com/forums/attachments/778_1s-png.116855/,leParagon,"princessofmusic, aXl"
778-B,Mimikyu-busted,https://www.smogon.com/forums/attachments/778_2-png.116856/,https://www.smogon.com/forums/attachments/778_2s-png.116857/,"leParagon, aXl","princessofmusic, aXl"
779,Bruxish,https://www.smogon.com/forums/attachments/779-png.102304/,https://www.smogon.com/forums/attachments/779s-png.102305/,leParagon,
780,Drampa,https://www.smogon.com/forums/attachments/780-png.114006/,https://www.smogon.com/forums/attachments/780s-png.114007/,leParagon,
781,Dhelmise,https://www.smogon.com/forums/attachments/781-png.170288/,https://www.smogon.com/forums/attachments/781s-png.170290/,"leParagon, Mega-Pokebattlerz (shiny)",
782,Jangmo-o,https://www.smogon.com/forums/attachments/782-png.173937/,https://www.smogon.com/forums/attachments/782s-png.173939/,Wobblebuns,princessofmusic
783,Hakamo-o,https://www.smogon.com/forums/attachments/783-png.162895/,https://www.smogon.com/forums/attachments/783s-png.162896/,"leParagon, TheAetherPlayer (back shiny)",
784,Kommo-o,https://www.smogon.com/forums/attachments/784-png.102306/,https://www.smogon.com/forums/attachments/784s-png.273507/,"leParagon, TheAetherPlayer (back shiny)",TheAetherPlayer (shiny)
785,Tapu_Koko,https://www.smogon.com/forums/attachments/785-png.130197/,https://www.smogon.com/forums/attachments/785s-png.130199/,aXl,leParagon
786,Tapu_Lele,https://www.smogon.com/forums/attachments/786-png.130201/,https://www.smogon.com/forums/attachments/786s-png.130203/,aXl,leParagon
787,Tapu_Bulu,https://www.smogon.com/forums/attachments/787-png.130205/,https://www.smogon.com/forums/attachments/787s-png.130207/,aXl,leParagon
788,Tapu_Fini,https://www.smogon.com/forums/attachments/788-png.130209/,https://www.smogon.com/forums/attachments/788s-png.130211/,aXl,leParagon
789,Cosmog,https://www.smogon.com/forums/attachments/789-png.116862/,https://www.smogon.com/forums/attachments/789s-png.116863/,princessofmusic,
790,Cosmoem,https://www.smogon.com/forums/attachments/790-png.114008/,https://www.smogon.com/forums/attachments/790s-png.114009/,leParagon,
791,Solgaleo,https://www.smogon.com/forums/attachments/791-png.102342/,https://www.smogon.com/forums/attachments/791s-png.102343/,"leParagon, fishbowlsoul90",
791-RS,Solgaleo-radiant_sun,https://www.smogon.com/forums/attachments/791_2-png.272364/,https://www.smogon.com/forums/attachments/791_2s-png.272366/,leParagon,
792,Lunala,https://www.smogon.com/forums/attachments/792-png.169356/,https://www.smogon.com/forums/attachments/792s-png.169357/,"leParagon, fishbowlsoul90, G.E.Z. (back), TheAetherPlayer (back shiny)",G.E.Z.
792-FM,Lunala-full_moon,https://www.smogon.com/forums/attachments/792_2-png.272370/,https://www.smogon.com/forums/attachments/792_2s-png.272371/,leParagon,
793,Nihilego,https://www.smogon.com/forums/attachments/793-png.178632/,https://www.smogon.com/forums/attachments/793s-png.178634/,G.E.Z.,leParagon
794,Buzzwole,https://www.smogon.com/forums/attachments/794-png.178450/,https://www.smogon.com/forums/attachments/794s-png.178451/,"leParagon, TheAetherPlayer (back shiny)",
795,Pheromosa,https://www.smogon.com/forums/attachments/795-png.273513/,https://www.smogon.com/forums/attachments/795s-png.273515/,leParagon,G.E.Z.
796,Xurkitree,https://www.smogon.com/forums/attachments/796-png.178346/,https://www.smogon.com/forums/attachments/796s-png.178347/,"fishbowlsoul90, leParagon (back), TheAetherPlayer (back shiny)",leParagon
797,Celesteela,https://www.smogon.com/forums/attachments/797-png.273519/,https://www.smogon.com/forums/attachments/797s-png.273521/,"fishbowlsoul90, leParagon (back), TheAetherPlayer (shiny)",leParagon
798,Kartana,https://www.smogon.com/forums/attachments/798-png.102308/,https://www.smogon.com/forums/attachments/798s-png.102309/,leParagon,
799,Guzzlord,https://www.smogon.com/forums/attachments/799-png.273523/,https://www.smogon.com/forums/attachments/799s-png.273525/,G.E.Z.,
800,Necrozma,https://www.smogon.com/forums/attachments/800_1-png.171239/,https://www.smogon.com/forums/attachments/800_1s-png.171240/,leParagon,
800-DM,Necrozma-dusk_mane,https://www.smogon.com/forums/attachments/800_2-png.272376/,https://www.smogon.com/forums/attachments/800_2s-png.272378/,leParagon,G.E.Z.
800-DW,Necrozma-dawn_wings,https://www.smogon.com/forums/attachments/800_3-png.169358/,https://www.smogon.com/forums/attachments/800_3s-png.169359/,leParagon,"G.E.Z., leParagon"
800-U,Necrozma-ultra,https://www.smogon.com/forums/attachments/800_4-png.170122/,https://www.smogon.com/forums/attachments/800_4s-png.170123/,leParagon,
801,Magearna,https://www.smogon.com/forums/attachments/801_1-png.114010/,https://www.smogon.com/forums/attachments/801_1s-png.272385/,leParagon,
801-O,Magearna-original,https://www.smogon.com/forums/attachments/801_2-png.114011/,https://www.smogon.com/forums/attachments/801_2s-png.114012/,leParagon,
802,Marshadow,https://www.smogon.com/forums/attachments/802-png.114013/,https://www.smogon.com/forums/attachments/802s-png.114014/,leParagon,
803,Poipole,https://www.smogon.com/forums/attachments/803-png.116841/,https://www.smogon.com/forums/attachments/803s-png.116843/,leParagon,
804,Naganadel,https://www.smogon.com/forums/attachments/804-png.272395/,https://www.smogon.com/forums/attachments/804s-png.272397/,"leParagon, TheAetherPlayer (shiny)",
805,Stakataka,https://www.smogon.com/forums/attachments/805-png.127507/,https://www.smogon.com/forums/attachments/805s-png.273528/,leParagon,
806,Blacephalon,https://www.smogon.com/forums/attachments/806-png.273530/,https://www.smogon.com/forums/attachments/806s-png.273532/,"leParagon, G.E.Z.",
807,Zeraora,https://www.smogon.com/forums/attachments/807-png.127371/,https://www.smogon.com/forums/attachments/807s-png.127501/,"leParagon, TheAetherPlayer (shiny)",
808,Meltan,https://www.smogon.com/forums/attachments/808-png.272399/,https://www.smogon.com/forums/attachments/808s-png.272401/,"G.E.Z., leParagon",leParagon
809,Melmetal,https://www.smogon.com/forums/attachments/809-png.169520/,https://www.smogon.com/forums/attachments/809s-png.169521/,leParagon,
019-A,Rattata,https://www.smogon.com/forums/attachments/019-png.102470/,https://www.smogon.com/forums/attachments/019s-png.102471/,leParagon,
020-A,Raticate,https://www.smogon.com/forums/attachments/020-png.102472/,https://www.smogon.com/forums/attachments/020s-png.102473/,leParagon,
026-A,Raichu,https://www.smogon.com/forums/attachments/026-png.102258/,https://www.smogon.com/forums/attachments/026s-png.102259/,leParagon,
027-A,Sandshrew,https://www.smogon.com/forums/attachments/027-png.102260/,https://www.smogon.com/forums/attachments/027s-png.102261/,leParagon,
028-A,Sandslash,https://www.smogon.com/forums/attachments/028-png.181192/,https://www.smogon.com/forums/attachments/028_2s-png.273475/,leParagon,"AMVictory (shiny), TheAetherPlayer (shiny)"
037-A,Vulpix,https://www.smogon.com/forums/attachments/037-png.113992/,https://www.smogon.com/forums/attachments/037s-png.113993/,leParagon,
038-A,Ninetales,https://www.smogon.com/forums/attachments/038_2-png.273477/,https://www.smogon.com/forums/attachments/038_2s-png.273479/,"leParagon, AMVictory (shiny)",TheAetherPlayer (colours)
050-A,Diglett,https://www.smogon.com/forums/attachments/050-png.102262/,https://www.smogon.com/forums/attachments/050s-png.102263/,leParagon,
051-A,Dugtrio,https://www.smogon.com/forums/attachments/051-png.102264/,https://www.smogon.com/forums/attachments/051s-png.102265/,leParagon,
052-A,Meowth,https://www.smogon.com/forums/attachments/052-png.113994/,https://www.smogon.com/forums/attachments/052s-png.113995/,leParagon,
053-A,Persian,https://www.smogon.com/forums/attachments/053-png.102266/,https://www.smogon.com/forums/attachments/053s-png.102267/,leParagon,
074-A,Geodude,https://www.smogon.com/forums/attachments/074-png.102476/,https://www.smogon.com/forums/attachments/074s-png.102477/,leParagon,
075-A,Graveler,https://www.smogon.com/forums/attachments/075-png.116840/,https://www.smogon.com/forums/attachments/075_2s-png.273481/,"leParagon, AMVictory (shiny)",TheAetherPlayer (shiny)
076-A,Golem,https://www.smogon.com/forums/attachments/076-png.102478/,https://www.smogon.com/forums/attachments/076s-png.102479/,leParagon,
088-A,Grimer,https://www.smogon.com/forums/attachments/088-png.102268/,https://www.smogon.com/forums/attachments/088s-png.102269/,leParagon,
089-A,Muk,https://www.smogon.com/forums/attachments/089-png.102480/,https://www.smogon.com/forums/attachments/089s-png.102481/,"Layell, leParagon",leParagon
103-A,Exeggutor,https://www.smogon.com/forums/attachments/103-png.113996/,https://www.smogon.com/forums/attachments/103s-png.113997/,"fishbowlsoul90, leParagon",leParagon
105-A,Marowak,https://www.smogon.com/forums/attachments/105-png.177819/,https://www.smogon.com/forums/attachments/105s-png.177820/,leParagon,"leParagon, TheAetherPlayer (shiny)"
25-Cap,Pikachu-original_cap,https://www.smogon.com/forums/attachments/025_7-png.272407/,https://www.smogon.com/forums/attachments/025_7s-png.272409/,leParagon,
658-BB,Greninja-battle_bond,https://www.smogon.com/forums/attachments/658_2-png.273483/,https://www.smogon.com/forums/attachments/658_2s-png.273485/,"G.E.Z., leParagon (back)",leParagon
718-10,Zygarde-10%,https://www.smogon.com/forums/attachments/718-d-png.113263/,https://www.smogon.com/forums/attachments/718s-d-png.113264/,leParagon,
718-100,Zygarde-100%,https://www.smogon.com/forums/attachments/718-p-png.102432/,https://www.smogon.com/forums/attachments/718s-p-png.102433/,leParagon,
810,Grookey,https://www.smogon.com/forums/attachments/810-png.180976/,https://www.smogon.com/forums/attachments/810s-png.208850/,leParagon,
811,Thwackey,https://www.smogon.com/forums/attachments/811-png.214274/,https://www.smogon.com/forums/attachments/811s-png.214275/,"Blaquaza, TheAetherPlayer (shiny), leParagon (back)",leParagon
812,Rillaboom,https://www.smogon.com/forums/attachments/812-png.212825/,https://www.smogon.com/forums/attachments/812s-png.212826/,"Blaquaza, leParagon, TheAetherPlayer (shiny)",
813,Scorbunny,https://www.smogon.com/forums/attachments/813-png.180978/,https://www.smogon.com/forums/attachments/813s-png.208852/,leParagon,
814,Raboot,https://www.smogon.com/forums/attachments/814-png.208854/,https://www.smogon.com/forums/attachments/814s-png.208855/,"Blaquaza, leParagon (back)",leParagon
815,Cinderace,https://www.smogon.com/forums/attachments/815_1-png.222102/,https://www.smogon.com/forums/attachments/815_1s-png.246190/,"Blaquaza, leParagon, TheAetherPlayer (shiny)",
816,Sobble,https://www.smogon.com/forums/attachments/816-png.180980/,https://www.smogon.com/forums/attachments/816s-png.208856/,leParagon,
817,Drizzile,https://www.smogon.com/forums/attachments/817-png.208858/,https://www.smogon.com/forums/attachments/817s-png.208859/,"Blaquaza, leParagon (back)",leParagon
818,Inteleon,https://www.smogon.com/forums/attachments/818-png.218705/,https://www.smogon.com/forums/attachments/818_1s-png.246193/,"Blaquaza, leParagon, TheAetherPlayer (shiny)",
819,Skwovet,https://www.smogon.com/forums/attachments/819-png.218707/,https://www.smogon.com/forums/attachments/819s-png.218708/,"G.E.Z., TheAetherPlayer (shiny)",leParagon
820,Greedent,https://www.smogon.com/forums/attachments/820-png.222104/,https://www.smogon.com/forums/attachments/820s-png.222105/,G.E.Z.,
821,Rookidee,https://www.smogon.com/forums/attachments/821-png.206454/,https://www.smogon.com/forums/attachments/821s-png.206455/,leParagon,
822,Corvisquire,https://www.smogon.com/forums/attachments/822-png.212828/,https://www.smogon.com/forums/attachments/822s-png.212829/,"leParagon, TheAetherPlayer (shiny)",
823,Corviknight,https://www.smogon.com/forums/attachments/823_1-png.206456/,https://www.smogon.com/forums/attachments/823_1s-png.206458/,leParagon,
824,Blipbug,https://www.smogon.com/forums/attachments/824-png.212830/,https://www.smogon.com/forums/attachments/824s-png.212831/,"KingOfThe-X-Roads, TheAetherPlayer (shiny), leParagon (back)",
825,Dottler,https://www.smogon.com/forums/attachments/825-png.212832/,https://www.smogon.com/forums/attachments/825s-png.222106/,"KingOfThe-X-Roads, leParagon (back)",leParagon
826,Orbeetle,https://www.smogon.com/forums/attachments/826_1-png.208860/,https://www.smogon.com/forums/attachments/826_1s-png.222107/,"KingOfThe-X-Roads, leParagon (back)",
827,Nickit,https://www.smogon.com/forums/attachments/827-png.218709/,https://www.smogon.com/forums/attachments/827s-png.243337/,"KingOfThe-X-Roads, TheAetherPlayer (shiny), leParagon (back)",
828,Thievul,https://www.smogon.com/forums/attachments/828-png.218711/,https://www.smogon.com/forums/attachments/828s-png.218712/,"KingOfThe-X-Roads, TheAetherPlayer (shiny), leParagon (back)",
829,Gossifleur,https://www.smogon.com/forums/attachments/gossifleur-png.179547/,https://www.smogon.com/forums/attachments/829s-png.222108/,"leParagon, KingOfthe-X-Roads",
830,Eldegoss,https://www.smogon.com/forums/attachments/830-png.212833/,https://www.smogon.com/forums/attachments/830s-png.212834/,leParagon,
831,Wooloo,https://www.smogon.com/forums/attachments/wooloo_1-png.178600/,https://www.smogon.com/forums/attachments/831s-png.208862/,"KingOfThe-X-Roads, leParagon (back)",leParagon
832,Dubwool,https://www.smogon.com/forums/attachments/832-png.212835/,https://www.smogon.com/forums/attachments/832s-png.212836/,"KingOfThe-X-Roads, leParagon (back)",
833,Chewtle,https://www.smogon.com/forums/attachments/833-png.206461/,https://www.smogon.com/forums/attachments/833s-png.206462/,leParagon,
834,Drednaw,https://www.smogon.com/forums/attachments/drednaw-png.179211/,https://www.smogon.com/forums/attachments/834_1s-png.212837/,leParagon,
835,Yamper,https://www.smogon.com/forums/attachments/yamper-png.180075/,https://www.smogon.com/forums/attachments/835s-png.243340/,"Blaquaza, TheAetherPlayer (shiny), leParagon (back)",leParagon
836,Boltund,https://www.smogon.com/forums/attachments/836-png.206463/,https://www.smogon.com/forums/attachments/836s-png.243343/,"KingOfThe-X-Roads, TheAetherPlayer (shiny), leParagon (back)",leParagon
837,Rolycoly,https://www.smogon.com/forums/attachments/rolycoly-png.185102/,https://www.smogon.com/forums/attachments/837s-png.206464/,"Blaquaza, leParagon (back)",leParagon
838,Carkol,https://www.smogon.com/forums/attachments/838-png.208866/,https://www.smogon.com/forums/attachments/838s-png.208867/,"Spook, leParagon",
839,Coalossal,https://www.smogon.com/forums/attachments/839_1-png.222112/,https://www.smogon.com/forums/attachments/839_1s-png.222113/,"Spook, leParagon, TheAetherPlayer (back shiny)",
840,Applin,https://www.smogon.com/forums/attachments/840-png.206511/,https://www.smogon.com/forums/attachments/840s-png.206512/,"Blaquaza, leParagon (back)",leParagon
841,Flapple,https://www.smogon.com/forums/attachments/841_1-png.212839/,https://www.smogon.com/forums/attachments/841_1s-png.212840/,"leParagon, TheAetherPlayer (shiny)",
842,Appletun,https://www.smogon.com/forums/attachments/842_1-png.212841/,https://www.smogon.com/forums/attachments/842_1s-png.212842/,"Blaquaza, TheAetherPlayer (shiny), leParagon (back)","leParagon, TheAetherPlayer"
843,Silicobra,https://www.smogon.com/forums/attachments/843-png.212843/,https://www.smogon.com/forums/attachments/843s-png.212844/,"KingOfThe-X-Roads, leParagon (back)",leParagon
844,Sandaconda,https://www.smogon.com/forums/attachments/844_1-png.212845/,https://www.smogon.com/forums/attachments/844_1s-png.212846/,"KingOfThe-X-Roads, leParagon (back)",
845,Cramorant-normal,https://www.smogon.com/forums/attachments/845_1-png.206470/,https://www.smogon.com/forums/attachments/845_1s-png.212847/,Cynda,
845-Gl,Cramorant-gulping,https://www.smogon.com/forums/attachments/845_2-png.218715/,https://www.smogon.com/forums/attachments/845_2s-png.218717/,"Cynda, leParagon",
845-Pk,Cramorant-gorging,https://www.smogon.com/forums/attachments/845_3-png.212848/,https://www.smogon.com/forums/attachments/845_3s-png.212849/,"Cynda, leParagon (back)",
846,Arrokuda,https://www.smogon.com/forums/attachments/846-png.222116/,https://www.smogon.com/forums/attachments/846s-png.222117/,"leParagon, TheAetherPlayer (shiny)",
847,Barraskewda,https://www.smogon.com/forums/attachments/847-png.222118/,https://www.smogon.com/forums/attachments/847s-png.222119/,"leParagon, TheAetherPlayer (shiny)",
848,Toxel,https://www.smogon.com/forums/attachments/848-png.206472/,https://www.smogon.com/forums/attachments/848s-png.206473/,"Blaquaza, leParagon (back)","Cynda, leParagon"
849-Am,Toxtricity-amped,https://www.smogon.com/forums/attachments/849_1-png.222120/,https://www.smogon.com/forums/attachments/849_1s-png.222121/,"Involuntary Twitch, leParagon, TheAetherPlayer (shiny)",
849-LK,Toxtricity-low_key,https://www.smogon.com/forums/attachments/849_2-png.222122/,https://www.smogon.com/forums/attachments/849_2s-png.222123/,"Involuntary Twitch, TheAetherPlayer (shiny), leParagon (back)",leParagon
850,Sizzlipede,https://www.smogon.com/forums/attachments/850-png.218719/,https://www.smogon.com/forums/attachments/850s-png.218720/,"leParagon, TheAetherPlayer (shiny)",
851,Centiskorch,https://www.smogon.com/forums/attachments/851_1-png.212851/,https://www.smogon.com/forums/attachments/851_1s-png.212852/,"mjco, TheAetherPlayer (shiny), leParagon (back)",leParagon
852,Clobbopus,https://www.smogon.com/forums/attachments/852-png.206474/,https://www.smogon.com/forums/attachments/852s-png.206475/,"Cynda, leParagon (back)",
853,Grapploct,https://www.smogon.com/forums/attachments/853-png.218721/,https://www.smogon.com/forums/attachments/853s-png.218722/,"Cynda, leParagon (back)",
854,Sinistea,https://www.smogon.com/forums/attachments/854-png.222128/,https://www.smogon.com/forums/attachments/854s-png.222129/,"leParagon, TheAetherPlayer (back shiny)",
855,Polteageist,https://www.smogon.com/forums/attachments/855-png.222130/,https://www.smogon.com/forums/attachments/855s-png.222131/,"Z-nogyroP, leParagon",
856,Hatenna,https://www.smogon.com/forums/attachments/856-png.206476/,https://www.smogon.com/forums/attachments/856s-png.218723/,"Blaquaza, leParagon (back)",leParagon
857,Hattrem,https://www.smogon.com/forums/attachments/857-png.218724/,https://www.smogon.com/forums/attachments/857s-png.218725/,"leParagon, TheAetherPlayer (shiny)",
858,Hatterene,https://www.smogon.com/forums/attachments/858_1-png.218726/,https://www.smogon.com/forums/attachments/858_1s-png.218727/,leParagon,
859,Impidimp,https://www.smogon.com/forums/attachments/859-png.206477/,https://www.smogon.com/forums/attachments/859s-png.206479/,leParagon,Cynda
860,Morgrem,https://www.smogon.com/forums/attachments/860-png.222134/,https://www.smogon.com/forums/attachments/860s-png.222135/,leParagon,
861,Grimmsnarl,https://www.smogon.com/forums/attachments/861_1-png.222136/,https://www.smogon.com/forums/attachments/861_1s-png.222137/,"leParagon, TheAetherPlayer (back shiny)",
862,Obstagoon,https://www.smogon.com/forums/attachments/862-png.243360/,https://www.smogon.com/forums/attachments/862s-png.243362/,leParagon,
863,Perrserker,https://www.smogon.com/forums/attachments/863-png.218730/,https://www.smogon.com/forums/attachments/863s-png.218731/,"leParagon, TheAetherPlayer (back shiny)",
864,Cursola,https://www.smogon.com/forums/attachments/864-png.218732/,https://www.smogon.com/forums/attachments/864s-png.218733/,"leParagon, TheAetherPlayer (back shiny)",
865,Sirfetch'd,https://www.smogon.com/forums/attachments/865-png.206481/,https://www.smogon.com/forums/attachments/865s-png.206482/,"leParagon, TheAetherPlayer (back shiny)",
866,Mr.Rime,https://www.smogon.com/forums/attachments/866-png.218734/,https://www.smogon.com/forums/attachments/866s-png.218735/,"G.E.Z., TheAetherPlayer (shiny)",leParagon
867,Runerigus,https://www.smogon.com/forums/attachments/867-png.212853/,https://www.smogon.com/forums/attachments/867s-png.212854/,"Cynda, TheAetherPlayer (shiny), leParagon (back)",
868,Milcery,https://www.smogon.com/forums/attachments/868-png.206483/,https://www.smogon.com/forums/attachments/868s-png.206484/,"Blaquaza, leParagon (back)",leParagon
869,Alcremie-vanilla_strawberry,https://www.smogon.com/forums/attachments/869_1-png.218736/,https://www.smogon.com/forums/attachments/869_1s-png.218737/,"PumpkinPastel (front), leParagon (back)",leParagon
870,Falinks,https://www.smogon.com/forums/attachments/870-png.212855/,https://www.smogon.com/forums/attachments/870s-png.212856/,"KingOfThe-X-Roads, leParagon (back)",
871,Pincurchin,https://www.smogon.com/forums/attachments/871-png.212857/,https://www.smogon.com/forums/attachments/871s-png.212858/,"leParagon, TheAetherPlayer (shiny)",
872,Snom,https://www.smogon.com/forums/attachments/872-png.208874/,https://www.smogon.com/forums/attachments/872s-png.208875/,"RadicalCharizard, leParagon",G.E.Z.
873,Frosmoth,https://www.smogon.com/forums/attachments/873-png.208876/,https://www.smogon.com/forums/attachments/873s-png.208877/,leParagon,
874,Stonjourner,https://www.smogon.com/forums/attachments/874-png.208878/,https://www.smogon.com/forums/attachments/874s-png.208879/,"KingOfThe-X-Roads, leParagon (back)",
875-IF,Eiscue-ice_face,https://www.smogon.com/forums/attachments/875_1-png.212859/,https://www.smogon.com/forums/attachments/875s_1-png.222143/,"KingOfThe-X-Roads, TheAetherPlayer (shiny), leParagon (back)",leParagon
875-NF,Eiscue-noice_face,https://www.smogon.com/forums/attachments/875_2-png.212860/,https://www.smogon.com/forums/attachments/875s_2-png.222144/,"KingOfThe-X-Roads, TheAetherPlayer (shiny), leParagon (back)",leParagon
876-F,Indeedee-female,https://www.smogon.com/forums/attachments/876f-png.218806/,https://www.smogon.com/forums/attachments/876fs-png.218807/,"Blaquaza, TheAetherPlayer (shiny), leParagon (back)",leParagon
876-M,Indeedee-male,https://www.smogon.com/forums/attachments/876m-png.218808/,https://www.smogon.com/forums/attachments/876ms-png.218809/,"Blaquaza, TheAetherPlayer (shiny), leParagon (back)",leParagon
877-FB,Morpeko-full_belly,https://www.smogon.com/forums/attachments/877_1-png.206485/,https://www.smogon.com/forums/attachments/877_1s-png.212861/,"leParagon, TheAetherPlayer (shiny)",
877-Hg,Morpeko-hangry,https://www.smogon.com/forums/attachments/877_2-png.206486/,https://www.smogon.com/forums/attachments/877_2s-png.212862/,"leParagon, TheAetherPlayer (shiny)",
878,Cufant,https://www.smogon.com/forums/attachments/878-png.212863/,https://www.smogon.com/forums/attachments/878s-png.212864/,"KingOfThe-X-Roads, leParagon",
879,Copperajah,https://www.smogon.com/forums/attachments/879_1-png.208880/,https://www.smogon.com/forums/attachments/879_1s-png.208881/,"KingOfThe-X-Roads, leParagon (back)",
880,Dracozolt,https://www.smogon.com/forums/attachments/880-png.208882/,https://www.smogon.com/forums/attachments/880s-png.208883/,"KingOfThe-X-Roads, TheAetherPlayer (back shiny), leParagon (back)",leParagon
881,Arctozolt,https://www.smogon.com/forums/attachments/881-png.212867/,https://www.smogon.com/forums/attachments/881s-png.212868/,"KingOfThe-X-Roads, TheAetherPlayer (back shiny), leParagon (back)",
882,Dracovish,https://www.smogon.com/forums/attachments/883-png.208884/,https://www.smogon.com/forums/attachments/883s-png.208885/,"KingOfThe-X-Roads, TheAetherPlayer (back shiny), leParagon (back)",
883,Arctovish,https://www.smogon.com/forums/attachments/883-png.212869/,https://www.smogon.com/forums/attachments/883s-png.212870/,"KingOfThe-X-Roads, TheAetherPlayer (back shiny), leParagon (back)",leParagon
884,Duraludon,https://www.smogon.com/forums/attachments/duraludon-png.185093/,https://www.smogon.com/forums/attachments/884_1s-png.222157/,leParagon,
885,Dreepy,https://www.smogon.com/forums/attachments/885-png.212871/,https://www.smogon.com/forums/attachments/885s-png.212872/,leParagon,
886,Drakloak,https://www.smogon.com/forums/attachments/886-png.255113/,https://www.smogon.com/forums/attachments/886s-png.255114/,leParagon,WolfPP
887,Dragapult,https://www.smogon.com/forums/attachments/887-png.246213/,https://www.smogon.com/forums/attachments/887s-png.255115/,"leParagon, TheAetherPlayer (back shiny)","TheAetherPlayer, WolfPP"
888-CS,Zacian-crowned_sword,https://www.smogon.com/forums/attachments/zacian-png.178831/,https://www.smogon.com/forums/attachments/888_1s-png.208886/,"leParagon, KingOfthe-X-Roads (face)",
888-HoMB,Zacian-hero_of_many_battles,https://www.smogon.com/forums/attachments/888_2-png.218810/,https://www.smogon.com/forums/attachments/888_2s-png.218811/,leParagon,
889-CS,Zamazenta-crowned_shield,https://www.smogon.com/forums/attachments/889_1-png.222161/,https://www.smogon.com/forums/attachments/889_1s-png.222162/,leParagon,
889-HoMB,Zamazenta-hero_of_many_battles,https://www.smogon.com/forums/attachments/889_2-png.218812/,https://www.smogon.com/forums/attachments/889_2s-png.218813/,leParagon,
890,Eternatus,https://www.smogon.com/forums/attachments/890_1-png.235348/,https://www.smogon.com/forums/attachments/890_1s-png.235349/,leParagon,
891,Kubfu,https://www.smogon.com/forums/attachments/kubfu-png.218814/,https://www.smogon.com/forums/attachments/891s-png.255308/,"Blaquaza, leParagon (back)","leParagon, WolfPP (back)"
892-S,Urshifu-single_strike,https://www.smogon.com/forums/attachments/892_2-png.255332/,https://www.smogon.com/forums/attachments/892_2s-png.255998/,leParagon,WolfPP (back)
892-R,Urshifu-rapid_strike,https://www.smogon.com/forums/attachments/urshifu-rapid-png.235343/,https://www.smogon.com/forums/attachments/892_1s-png.255997/,leParagon,WolfPP (back)
893,Zarude,https://www.smogon.com/forums/attachments/zarude-png.235345/,https://www.smogon.com/forums/attachments/893_1s-png.261126/,leParagon,
894,Regieleki,https://www.smogon.com/forums/attachments/regi-lightning-png.218815/,https://www.smogon.com/forums/attachments/894s-png.284202/,leParagon,
895,Regidrago,https://www.smogon.com/forums/attachments/regidrago-png.255120/,https://www.smogon.com/forums/attachments/895s-png.284226/,"leParagon, arinoelle (shiny)",
896,Glastrier,https://www.smogon.com/forums/attachments/896-png.286963/,https://www.smogon.com/forums/attachments/896s-png.286964/,"G.E.Z., Blaquaza",
897,Spectrier,https://www.smogon.com/forums/attachments/897-png.286970/,https://www.smogon.com/forums/attachments/897s-png.286969/,"KingOfThe-X-Roads, G.E.Z. (back)",G.E.Z.
898,Calyrex,https://www.smogon.com/forums/attachments/898_1-png.284222/,https://www.smogon.com/forums/attachments/898_1s-png.284224/,leParagon,"G.E.Z., WolfPP (back)"
898-IR,Calyrex-ice_rider,https://www.smogon.com/forums/attachments/898_2-png.286974/,https://www.smogon.com/forums/attachments/898_2s-png.286975/,"G.E.Z., Blaquaza, KingOfThe-X-Roads",
898-SR,Calyrex-shadow_rider,https://www.smogon.com/forums/attachments/898_3-png.286949/,https://www.smogon.com/forums/attachments/898_3s-png.286950/,"KingOfThe-X-Roads, G.E.Z. (back)",
899,Wyrdeer,https://www.smogon.com/forums/attachments/899-png.420752/,https://www.smogon.com/forums/attachments/899s-png.420753/,G.E.Z.,
900,Kleavor,https://www.smogon.com/forums/attachments/900-png.420782/,https://www.smogon.com/forums/attachments/900s-png.420783/,"Blaquaza, KingOfThe-X-Roads (back)",G.E.Z.
901,Ursaluna,https://www.smogon.com/forums/attachments/901-png.420767/,https://www.smogon.com/forums/attachments/901s-png.420749/,"KingOfThe-X-Roads, KattenK (back)",G.E.Z.
902-F,Basculegion-female,https://www.smogon.com/forums/attachments/902f-png.420732/,https://www.smogon.com/forums/attachments/902fs-png.420755/,KingOfThe-X-Roads,G.E.Z.
902-M,Basculegion-male,https://www.smogon.com/forums/attachments/902m-png.420761/,https://www.smogon.com/forums/attachments/902ms-png.420765/,KingOfThe-X-Roads,G.E.Z.
903,Sneasler,https://www.smogon.com/forums/attachments/903-png.420745/,https://www.smogon.com/forums/attachments/903s-png.420735/,"Blaquaza, KattenK (back)",G.E.Z.
904,Overqwil,https://www.smogon.com/forums/attachments/904-png.420748/,https://www.smogon.com/forums/attachments/904s-png.420770/,Travis,G.E.Z.
905-T,Enamorus-incarnate,https://www.smogon.com/forums/attachments/905-png.420736/,https://www.smogon.com/forums/attachments/905s-png.420762/,G.E.Z.,
905-T,Enamorus-therian,https://www.smogon.com/forums/attachments/905_1-png.420771/,https://www.smogon.com/forums/attachments/905_1s-png.420764/,G.E.Z.,
52-GL,Meowth,https://www.smogon.com/forums/attachments/052_3-png.206442/,https://www.smogon.com/forums/attachments/052_3s-png.206443/,leParagon,
77-GL,Ponyta,https://www.smogon.com/forums/attachments/077_2-png.206445/,https://www.smogon.com/forums/attachments/077_2s-png.208830/,"KingOfThe-X-Roads, leParagon (back)",
78-GL,Rapidash,https://www.smogon.com/forums/attachments/078_2-png.212813/,https://www.smogon.com/forums/attachments/078_2s-png.212814/,"KingOfThe-X-Roads, leParagon (back)",Cynda
79-GL,Slowpoke,https://www.smogon.com/forums/attachments/079_2-png.246179/,https://www.smogon.com/forums/attachments/079_2s-png.246181/,leParagon,
80-GL,Slowbro,https://www.smogon.com/forums/attachments/080_3-png.255073/,https://www.smogon.com/forums/attachments/080_3s-png.255307/,leParagon,
83-GL,Farfetch'd,https://www.smogon.com/forums/attachments/083_2-png.243322/,https://www.smogon.com/forums/attachments/083_2s-png.243324/,"KingOfThe-X-Roads, TheAetherPlayer (shiny), leParagon (back)",
110-GL,Weezing,https://www.smogon.com/forums/attachments/110_2-png.189640/,https://www.smogon.com/forums/attachments/110_2s-png.208833/,leParagon,
122-GL,Mr. Mime,https://www.smogon.com/forums/attachments/122_2-png.218701/,https://www.smogon.com/forums/attachments/122_2s-png.218703/,leParagon,
144-GL,Articuno,https://www.smogon.com/forums/attachments/144_2-png.284181/,https://www.smogon.com/forums/attachments/144_2s-png.284183/,G.E.Z.,
145-GL,Zapdos,https://www.smogon.com/forums/attachments/145_2-png.284185/,https://www.smogon.com/forums/attachments/145_2s-png.284187/,"leParagon, G.E.Z. (shiny)",G.E.Z. (colours)
146-GL,Moltres,https://www.smogon.com/forums/attachments/146_2-png.284189/,https://www.smogon.com/forums/attachments/146_2s-png.284191/,G.E.Z.,
199-GL,Slowking,https://www.smogon.com/forums/attachments/199_2-png.284255/,https://www.smogon.com/forums/attachments/199_2s-png.284257/,"RadicalCharizard, leParagon, TheAetherPlayer (shiny)","leParagon, G.E.Z., Cynda, TheAetherPlayer (colours)"
222-GL,Corsola,https://www.smogon.com/forums/attachments/222_2-png.212821/,https://www.smogon.com/forums/attachments/222_2s-png.212822/,leParagon,TheAetherPlayer
263-GL,Zigzagoon,https://www.smogon.com/forums/attachments/263_2-png.206448/,https://www.smogon.com/forums/attachments/263_2s-png.206449/,leParagon,
264-GL,Linoone,https://www.smogon.com/forums/attachments/264_2-png.243329/,https://www.smogon.com/forums/attachments/264_2s-png.243330/,"KingOfThe-X-Roads, leParagon (back)","Blaquaza, leParagon"
554-GL,Darumaka,https://www.smogon.com/forums/attachments/554_2-png.208835/,https://www.smogon.com/forums/attachments/554_2s-png.208837/,G.E.Z.,
555-GL-S,Darmanitan-standard,https://www.smogon.com/forums/attachments/555_3-png.208839/,https://www.smogon.com/forums/attachments/555_3s-png.208841/,G.E.Z.,
555-GL-Z,Darmanitan-zen,https://www.smogon.com/forums/attachments/555_4-png.208843/,https://www.smogon.com/forums/attachments/555_4s-png.208844/,G.E.Z.,
562-GL,Yamask,https://www.smogon.com/forums/attachments/562_2-png.222098/,https://www.smogon.com/forums/attachments/562_2s-png.222100/,"Cynda, leParagon (back)",
618-GL,Stunfisk,https://www.smogon.com/forums/attachments/618_2-png.208845/,https://www.smogon.com/forums/attachments/618_2s-png.208846/,leParagon,
58-H,Growlithe,https://www.smogon.com/forums/attachments/058_1-png.420718/,https://www.smogon.com/forums/attachments/058_1s-png.420719/,"Travis, SpheX (back)",G.E.Z.
59-H,Arcanine,https://www.smogon.com/forums/attachments/059_1-png.420720/,https://www.smogon.com/forums/attachments/059_1s-png.420721/,KingOfThe-X-Roads,G.E.Z.
100-H,Voltorb,https://www.smogon.com/forums/attachments/100_1-png.420722/,https://www.smogon.com/forums/attachments/100_1s-png.420723/,"Blaquaza, G.E.Z. (back)",G.E.Z.
101-H,Electrode,https://www.smogon.com/forums/attachments/101_1-png.420724/,https://www.smogon.com/forums/attachments/101_1s-png.420725/,"Blaquaza, SpheX (back)",G.E.Z.
157-H,Typhlosion,https://www.smogon.com/forums/attachments/157_1-png.420726/,https://www.smogon.com/forums/attachments/157_1s-png.420727/,"Blaquaza, KattenK (back)","G.E.Z., SelenaArmorclaw, Hematite"
211-H,Qwilfish,https://www.smogon.com/forums/attachments/211_1-png.420728/,https://www.smogon.com/forums/attachments/211_1s-png.420729/,"KingOfThe-X-Roads, Katten (back)",G.E.Z.
215-H,Sneasel-male,https://www.smogon.com/forums/attachments/215_1-png.420766/,https://www.smogon.com/forums/attachments/215_1s-png.420751/,"Blaquaza, G.E.Z. (back)",G.E.Z.
503-H,Samurott,https://www.smogon.com/forums/attachments/503_1-png.450194/,https://www.smogon.com/forums/attachments/503_1s-png.450196/,KingOfThe-X-Roads,G.E.Z.
549-H,Lilligant,https://www.smogon.com/forums/attachments/549_1-png.420768/,https://www.smogon.com/forums/attachments/549_1s-png.420747/,Hematite,G.E.Z.
570-H,Zorua,https://www.smogon.com/forums/attachments/570_1-png.450202/,https://www.smogon.com/forums/attachments/570_1s-png.450204/,KingOfThe-X-Roads,G.E.Z.
571-H,Zoroark,https://www.smogon.com/forums/attachments/571_1-png.420759/,https://www.smogon.com/forums/attachments/571_1s-png.420734/,Hematite,G.E.Z.
628-H,Braviary,https://www.smogon.com/forums/attachments/628_1-png.420738/,https://www.smogon.com/forums/attachments/628_1s-png.420775/,"G.E.Z., KingOfThe-X-Roads (colours)",
705-H,Sliggoo,https://www.smogon.com/forums/attachments/705_1-png.420733/,https://www.smogon.com/forums/attachments/705_1s-png.420740/,"Travis, G.E.Z. (back)",G.E.Z.
706-H,Goodra,https://www.smogon.com/forums/attachments/706_1-png.420739/,https://www.smogon.com/forums/attachments/706_1s-png.420741/,Travis,G.E.Z.
713-H,Avalugg,https://www.smogon.com/forums/attachments/713_1-png.420746/,https://www.smogon.com/forums/attachments/713_1s-png.420731/,"KingOfThe-X-Roads, Katten (back)",G.E.Z.
724-H,Decidueye,https://www.smogon.com/forums/attachments/724_1-png.420750/,https://www.smogon.com/forums/attachments/724_1s-png.420756/,KattenK,G.E.Z.
G-003,Venusaur,https://www.smogon.com/forums/attachments/003_g-png.235307/,https://www.smogon.com/forums/attachments/003_gs-png.269812/,leParagon,
G-006,Charizard,https://www.smogon.com/forums/attachments/006_g-png.255065/,https://www.smogon.com/forums/attachments/006_gs-png.255066/,leParagon,
G-009,Blastoise,https://www.smogon.com/forums/attachments/009_g-png.255290/,https://www.smogon.com/forums/attachments/009_gs-png.266097/,leParagon,
G-012,Butterfree,https://www.smogon.com/forums/attachments/012_g-png.208828/,https://www.smogon.com/forums/attachments/012_gs-png.208829/,"KingOfThe-X-Roads, leParagon (back)",leParagon
G-025,Pikachu,https://www.smogon.com/forums/attachments/025_g-png.255069/,https://www.smogon.com/forums/attachments/025_gs-png.255070/,"leParagon, TheAetherPlayer (back shiny)",
G-052,Meowth,https://www.smogon.com/forums/attachments/052_g-png.206444/,https://www.smogon.com/forums/attachments/052_gs-png.271691/,"KingOfThe-X-Roads, leParagon (back)",leParagon
G-068,Machamp,https://www.smogon.com/forums/attachments/068_g-png.255071/,https://www.smogon.com/forums/attachments/068_gs-png.255072/,leParagon,
G-094,Gengar,https://www.smogon.com/forums/attachments/094_g-png.212815/,https://www.smogon.com/forums/attachments/094_gs-png.212816/,"leParagon, TheAetherPlayer (back shiny)",
G-099,Kingler,https://www.smogon.com/forums/attachments/099_g-png.255074/,https://www.smogon.com/forums/attachments/099_gs-png.255075/,leParagon,
G-131,Lapras,https://www.smogon.com/forums/attachments/131_g-png.255076/,https://www.smogon.com/forums/attachments/131_gs-png.255077/,leParagon,WolfPP
G-133,Eevee,https://www.smogon.com/forums/attachments/133_g-png.255078/,https://www.smogon.com/forums/attachments/133_gs-png.255079/,leParagon,
G-143,Snorlax,https://www.smogon.com/forums/attachments/143_g-png.222092/,https://www.smogon.com/forums/attachments/143_gs-png.266102/,leParagon,
G-569,Garbodor,https://www.smogon.com/forums/attachments/569_g-png.255082/,https://www.smogon.com/forums/attachments/569_gs-png.255083/,leParagon,
G-809,Melmetal,https://www.smogon.com/forums/attachments/809_g-png.255084/,https://www.smogon.com/forums/attachments/809_gs-png.255085/,leParagon,
G-812,Rillaboom,https://www.smogon.com/forums/attachments/812_g-png.267922/,https://www.smogon.com/forums/attachments/812_gs-png.271694/,"leParagon, KingOfthe-X-Roads (grass arms, small drum)","G.E.Z., leParagon"
G-815,Cinderace,https://www.smogon.com/forums/attachments/815_g-png.267592/,https://www.smogon.com/forums/attachments/815_gs-png.271697/,leParagon,
G-818,Inteleon,https://www.smogon.com/forums/attachments/818_g-png.267591/,https://www.smogon.com/forums/attachments/818_gs-png.271700/,leParagon,
G-823,Corviknight,https://www.smogon.com/forums/attachments/823_g-png.269836/,https://www.smogon.com/forums/attachments/823_gs-png.269838/,leParagon,
G-826,Orbeetle,https://www.smogon.com/forums/attachments/826_g-png.208861/,https://www.smogon.com/forums/attachments/826_gs-png.269841/,"KingOfThe-X-Roads, leParagon (back)",leParagon
G-834,Drednaw,https://www.smogon.com/forums/attachments/834_g-png.255090/,https://www.smogon.com/forums/attachments/834_gs-png.255091/,leParagon,
G-839,Coalossal,https://www.smogon.com/forums/attachments/839_g-png.255092/,https://www.smogon.com/forums/attachments/839_gs-png.255093/,leParagon,
G-841-842,Flapple-Appletun,https://www.smogon.com/forums/attachments/841-842_g-png.255096/,https://www.smogon.com/forums/attachments/841-842_gs-png.255097/,"leParagon, TheAetherPlayer (shiny)",
G-844,Sandaconda,https://www.smogon.com/forums/attachments/844_g-png.269849/,https://www.smogon.com/forums/attachments/844_gs-png.269851/,"KingOfThe-X-Roads, TheAetherPlayer (shiny)",
G-849,Toxtricity,https://www.smogon.com/forums/attachments/849_g-png.222124/,https://www.smogon.com/forums/attachments/849_gs-png.222125/,leParagon,
G-851,Centiskorch,https://www.smogon.com/forums/attachments/851_g-png.271704/,https://www.smogon.com/forums/attachments/851_gs-png.271706/,"KingOfThe-X-Roads, leParagon (back)",leParagon
G-858,Hatterene,https://www.smogon.com/forums/attachments/858_g-png.255104/,https://www.smogon.com/forums/attachments/858_gs-png.255105/,leParagon,
G-861,Grimmsnarl,https://www.smogon.com/forums/attachments/861_g-png.255106/,https://www.smogon.com/forums/attachments/861_gs-png.255107/,leParagon,
G-869,Alcremie,https://www.smogon.com/forums/attachments/869_g-png.255109/,https://www.smogon.com/forums/attachments/869_gs-png.255110/,leParagon,
G-879,Copperajah,https://www.smogon.com/forums/attachments/879_g-png.212865/,https://www.smogon.com/forums/attachments/879_gs-png.212866/,"KingOfThe-X-Roads, TheAetherPlayer (shiny), leParagon (back)",
G-884,Duraludon,https://www.smogon.com/forums/attachments/884_g-png.255111/,https://www.smogon.com/forums/attachments/884_gs-png.255112/,leParagon,
G-890,Eternatus,https://www.smogon.com/forums/attachments/890_g-png.212878/,https://www.smogon.com/forums/attachments/890_gs-png.212879/,leParagon,
G-892-S,Urshifu-Single Strike,https://www.smogon.com/forums/attachments/892_g2-png.266189/,https://www.smogon.com/forums/attachments/892_g2s-png.266190/,"KingOfThe-X-Roads, leParagon (back)",leParagon
G-892-R,Urshifu-Rapid Strike,https://www.smogon.com/forums/attachments/892_g1-png.266187/,https://www.smogon.com/forums/attachments/892_g1s-png.266188/,"KingOfThe-X-Roads, leParagon (back)","leParagon, WolfPP (back)"
483-O,Dialga-origin,https://www.smogon.com/forums/attachments/483_1-png.420730/,https://www.smogon.com/forums/attachments/483_1s-png.420754/,KingOfThe-X-Roads,G.E.Z.
484-O,Palkia-origin,https://www.smogon.com/forums/attachments/484_1-png.420758/,https://www.smogon.com/forums/attachments/484_1s-png.420743/,KingOfThe-X-Roads,G.E.Z.
550-W,Basculin-white-striped,https://www.smogon.com/forums/attachments/550_2-png.420769/,https://www.smogon.com/forums/attachments/550_2s-png.420763/,G.E.Z.,
906,Sprigatito,https://www.smogon.com/forums/attachments/906-png.492529/,https://www.smogon.com/forums/attachments/906s-png.492530/,"G.E.Z., KingOfThe-X-Roads",leParagon
907,Floragato,https://www.smogon.com/forums/attachments/907-png.603579/,https://www.smogon.com/forums/attachments/907s-png.603580/,Katten,leParagon
908,Meowscarada,https://www.smogon.com/forums/attachments/908-png.536952/,https://www.smogon.com/forums/attachments/908s-png.536953/,Katten,G.E.Z.
909,Fuecoco,https://www.smogon.com/forums/attachments/909-png.492531/,https://www.smogon.com/forums/attachments/909s-png.492532/,KingOfThe-X-Roads,G.E.Z.
910,Crocalor,https://www.smogon.com/forums/attachments/910-png.653066/,https://www.smogon.com/forums/attachments/910s-png.653067/,KingOfThe-X-Roads,G.E.Z.
911,Skeledirge,https://www.smogon.com/forums/attachments/911-png.512400/,https://www.smogon.com/forums/attachments/911s-png.512401/,KingOfThe-X-Roads,G.E.Z.
912,Quaxly,https://www.smogon.com/forums/attachments/912-png.492533/,https://www.smogon.com/forums/attachments/912s-png.492534/,Travis,G.E.Z.
913,Quaxwell,https://www.smogon.com/forums/attachments/913-png.629243/,https://www.smogon.com/forums/attachments/913s-png.629244/,Blaquaza,KingOfThe-X-Roads
914,Quaquaval,https://www.smogon.com/forums/attachments/914-png.629245/,https://www.smogon.com/forums/attachments/914s-png.629246/,Blaquaza,"KingOfThe-X-Roads, G.E.Z."
915,Lechonk,https://www.smogon.com/forums/attachments/915-png.492535/,https://www.smogon.com/forums/attachments/915s-png.492536/,Banana Toast,G.E.Z.
916-M,Oinkologne-male,https://www.smogon.com/forums/attachments/916m-png.492537/,https://www.smogon.com/forums/attachments/916m_s-png.492538/,Banana Toast,G.E.Z.
917,Tarountula,https://www.smogon.com/forums/attachments/917-png.573992/,https://www.smogon.com/forums/attachments/917s-png.573993/,G.E.Z.,
918,Spidops,https://www.smogon.com/forums/attachments/918-png.573994/,https://www.smogon.com/forums/attachments/918s-png.573995/,Sphex,G.E.Z.
919,Nymble,https://www.smogon.com/forums/attachments/919-png.732394/,https://www.smogon.com/forums/attachments/919s-png.732395/,Blaquaza,
921,Pawmi,https://www.smogon.com/forums/attachments/921-png.492539/,https://www.smogon.com/forums/attachments/921s-png.492540/,KingOfThe-X-Roads,G.E.Z.
924,Tandemaus,https://www.smogon.com/forums/attachments/924-png.492541/,https://www.smogon.com/forums/attachments/924s-png.492542/,Travis,G.E.Z.
925-4,Maushold-family of four,https://www.smogon.com/forums/attachments/925-png.492543/,https://www.smogon.com/forums/attachments/925s-png.492546/,Travis,G.E.Z.
925-3,Maushold-family of three,https://www.smogon.com/forums/media/data/attachments/492/492406-7795946f08985b7c9ccd83888122d1df.jpg,https://www.smogon.com/forums/media/data/attachments/492/492407-df149db7fc6e57a3045a85936fd3b093.jpg,Travis,G.E.Z.
927,Dachsbun,https://www.smogon.com/forums/attachments/927-png.653068/,https://www.smogon.com/forums/attachments/927s-png.653069/,Blaquaza,KingOfThe-X-Roads
928,Smoliv,https://www.smogon.com/forums/attachments/928-png.492547/,https://www.smogon.com/forums/media/data/attachments/492/492410-0b26b881f5b7d2b8549cea8c8902e32e.jpg,Katten,G.E.Z.
931-G,Squawkabilly-green plumage,https://www.smogon.com/forums/attachments/931-png.653070/,https://www.smogon.com/forums/attachments/931s-png.653077/,KingOfThe-X-Roads,G.E.Z.
931-B,Squawkabilly-blue plumage,https://www.smogon.com/forums/attachments/931_1-png.653071/,https://www.smogon.com/forums/attachments/931_1s-png.653072/,KingOfThe-X-Roads,G.E.Z.
931-Y,Squawkabilly-yellow plumage,https://www.smogon.com/forums/attachments/931_2-png.653073/,https://www.smogon.com/forums/attachments/931_2s-png.653074/,KingOfThe-X-Roads,G.E.Z.
931-W,Squawkabilly-white plumage,https://www.smogon.com/forums/attachments/931_3-png.653075/,https://www.smogon.com/forums/attachments/931_3s-png.653076/,KingOfThe-X-Roads,G.E.Z.
932,Nacli,https://www.smogon.com/forums/attachments/932-png.512402/,https://www.smogon.com/forums/attachments/932s-png.512403/,Travis,G.E.Z.
934,Garganacl,https://www.smogon.com/forums/attachments/934-png.629247/,https://www.smogon.com/forums/attachments/934s-png.629248/,Mintly,G.E.Z.
936,Armarouge,https://www.smogon.com/forums/attachments/936-png.603581/,https://www.smogon.com/forums/attachments/936s-png.603582/,Sphex,G.E.Z.
937,Ceruledge,https://www.smogon.com/forums/attachments/937-png.603583/,https://www.smogon.com/forums/attachments/937s-png.603584/,KingOfThe-X-Roads,G.E.Z.
938,Tadbulb,https://www.smogon.com/forums/attachments/938-png.536954/,https://www.smogon.com/forums/attachments/938s-png.536955/,Sphex,G.E.Z.
939,Bellibolt,https://www.smogon.com/forums/attachments/939-png.603585/,https://www.smogon.com/forums/attachments/939s-png.603586/,Sphex,G.E.Z.
941,Kilowattrel,https://www.smogon.com/forums/attachments/941-png.512404/,https://www.smogon.com/forums/attachments/941s-png.512405/,KingOfThe-X-Roads,G.E.Z.
942,Maschiff,https://www.smogon.com/forums/attachments/942-png.512406/,https://www.smogon.com/forums/attachments/942s-png.512407/,KingOfThe-X-Roads,G.E.Z.
943,Mabostiff,https://www.smogon.com/forums/attachments/943-png.512408/,https://www.smogon.com/forums/attachments/943s-png.512409/,KingOfThe-X-Roads,G.E.Z.
946,Bramblin,https://www.smogon.com/forums/attachments/946-png.603587/,https://www.smogon.com/forums/attachments/946s-png.603588/,KingOfThe-X-Roads,
947,Brambleghast,https://www.smogon.com/forums/attachments/947-png.603589/,https://www.smogon.com/forums/attachments/947s-png.603590/,KingOfThe-X-Roads,
948,Toedscool,https://www.smogon.com/forums/attachments/948-png.629249/,https://www.smogon.com/forums/attachments/948s-png.629250/,Mintly,KingOfThe-X-Roads
950,Klawf,https://www.smogon.com/forums/attachments/950-png.653078/,https://www.smogon.com/forums/attachments/950s-png.653079/,KyleDove,
957,Tinkatink,https://www.smogon.com/forums/attachments/957-png.732396/,https://www.smogon.com/forums/attachments/957s-png.732397/,Travis,G.E.Z.
958,Tinkatuff,https://www.smogon.com/forums/attachments/958-png.732398/,https://www.smogon.com/forums/attachments/958s-png.732399/,Travis,G.E.Z.
959,Tinkaton,https://www.smogon.com/forums/attachments/959-png.732400/,https://www.smogon.com/forums/attachments/959s-png.732401/,Travis,G.E.Z.
960,Wiglett,https://www.smogon.com/forums/attachments/960-png.492549/,https://www.smogon.com/forums/attachments/960s-png.492550/,Blaquaza,G.E.Z.
961,Wugtrio,https://www.smogon.com/forums/attachments/961_1-png.573996/,https://www.smogon.com/forums/attachments/961s-png.573997/,Blaquaza,G.E.Z.
962,Bombirdier,https://www.smogon.com/forums/attachments/962-png.512410/,https://www.smogon.com/forums/attachments/962s-png.512411/,KingOfThe-X-Roads,G.E.Z.
963,Finizen,https://www.smogon.com/forums/attachments/963-png.603591/,https://www.smogon.com/forums/attachments/963s-png.603592/,Travis,G.E.Z.
964-Z,Palafin-zero,https://www.smogon.com/forums/attachments/964-png.603593/,https://www.smogon.com/forums/attachments/964s-png.603594/,Travis,G.E.Z.
964-H,Palafin-hero,https://www.smogon.com/forums/attachments/964-png.536964/,https://www.smogon.com/forums/attachments/964s-png.536965/,Travis,G.E.Z.
967,Cyclizar,https://www.smogon.com/forums/attachments/967-png.629251/,https://www.smogon.com/forums/attachments/967s-png.629252/,Katten,G.E.Z.
968,Orthworm,https://www.smogon.com/forums/attachments/968-png.573998/,https://www.smogon.com/forums/attachments/968s-png.573999/,Travis,G.E.Z.
969,Glimmet,https://www.smogon.com/forums/attachments/969-png.512412/,https://www.smogon.com/forums/attachments/969s-png.512413/,Katten,G.E.Z.
970,Glimmora,https://www.smogon.com/forums/attachments/970-png.653080/,https://www.smogon.com/forums/attachments/970s-png.653081/,Katten,KingOfThe-X-Roads
871,Greavard,https://www.smogon.com/forums/attachments/971-png.603595/,https://www.smogon.com/forums/attachments/971s-png.603596/,Blaquaza,G.E.Z.
973,Flamigo,https://www.smogon.com/forums/attachments/973-png.629253/,https://www.smogon.com/forums/attachments/973s-png.629254/,Katten,G.E.Z.
974,Cetoddle,https://www.smogon.com/forums/attachments/974-png.653082/,https://www.smogon.com/forums/attachments/974s-png.653083/,Tooni,"Sphex, KingOfThe-X-Roads, G.E.Z."
975,Cetitan,https://www.smogon.com/forums/attachments/975-png.536966/,https://www.smogon.com/forums/attachments/975s-png.536967/,Buna,G.E.Z.
976,Veluza,https://www.smogon.com/forums/attachments/976-png.732402/,https://www.smogon.com/forums/attachments/976s-png.732403/,Sphex,KingOfThe-X-Roads
977,Dondozo,https://www.smogon.com/forums/attachments/977-png.536968/,https://www.smogon.com/forums/attachments/977s-png.536969/,KingOfThe-X-Roads,G.E.Z.
978-C,Tatsugiri-curly,https://www.smogon.com/forums/attachments/978-png.492551/,https://www.smogon.com/forums/attachments/978s-png.492556/,Blaquaza,G.E.Z.
978-D,Tatsugiri-droopy,https://www.smogon.com/forums/attachments/978_1-png.492552/,https://www.smogon.com/forums/attachments/978_1s-png.492553/,Blaquaza,G.E.Z.
978-S,Tatsugiri-stretchy,https://www.smogon.com/forums/attachments/978_2-png.492554/,https://www.smogon.com/forums/attachments/978_2s-png.492555/,Blaquaza,G.E.Z.
979,Annihilape,https://www.smogon.com/forums/attachments/979-png.492557/,https://www.smogon.com/forums/attachments/979s-png.492558/,Sphex,G.E.Z.
980,Clodsire,https://www.smogon.com/forums/attachments/980-png.492559/,https://www.smogon.com/forums/attachments/980s-png.492560/,Katten,G.E.Z.
982-2,Dudunsparce-two segment,https://www.smogon.com/forums/attachments/982-png.536970/,https://www.smogon.com/forums/attachments/982s-png.536973/,G.E.Z.,
982-3,Dudunsparce-three segment,https://www.smogon.com/forums/attachments/982_1-png.536971/,https://www.smogon.com/forums/attachments/982_1s-png.536972/,G.E.Z.,
983,Kingambit,https://www.smogon.com/forums/attachments/983-png.492561/,https://www.smogon.com/forums/attachments/983s-png.492562/,KingOfThe-X-Roads,G.E.Z.
984,Great Tusk,https://www.smogon.com/forums/attachments/984-png.574000/,https://www.smogon.com/forums/attachments/984s-png.574001/,Katten,G.E.Z.
985,Scream Tail,https://www.smogon.com/forums/attachments/985-png.629255/,https://www.smogon.com/forums/attachments/985s-png.629256/,Toonie,G.E.Z.
986,Brute Bonnet,https://www.smogon.com/forums/attachments/986-png.629257/,https://www.smogon.com/forums/attachments/986s-png.629258/,Katten,"KingOfThe-X-Roads, G.E.Z."
987,Flutter Mane,https://www.smogon.com/forums/attachments/987-png.574002/,https://www.smogon.com/forums/attachments/987s-png.574003/,KingOfThe-X-Roads,
990,Iron Treads,https://www.smogon.com/forums/attachments/990-png.574004/,https://www.smogon.com/forums/attachments/990s-png.574005/,Travis,G.E.Z.
991,Iron Bundle,https://www.smogon.com/forums/attachments/991-png.512414/,https://www.smogon.com/forums/attachments/991s-png.512415/,"Blaquaza, Katten",G.E.Z.
992,Iron Hands,https://www.smogon.com/forums/attachments/992-png.492563/,https://www.smogon.com/forums/attachments/992s-png.492564/,KingOfThe-X-Roads,G.E.Z.
994,Iron Moth,https://www.smogon.com/forums/attachments/994-png.653084/,https://www.smogon.com/forums/attachments/994s-png.653085/,KingOfThe-X-Roads,G.E.Z.
995,Iron Thorns,https://www.smogon.com/forums/attachments/995-png.512418/,https://www.smogon.com/forums/attachments/995s-png.512419/,Sphex,G.E.Z.
996,Frigibax,https://www.smogon.com/forums/attachments/996-png.512420/,https://www.smogon.com/forums/attachments/996s-png.512421/,Sphex,G.E.Z.
997,Arctibax,https://www.smogon.com/forums/attachments/997-png.574006/,https://www.smogon.com/forums/attachments/997s-png.574007/,Sphex,G.E.Z.
998,Baxcalibur,https://www.smogon.com/forums/attachments/998-png.629259/,https://www.smogon.com/forums/attachments/998s-png.629260/,Sphex,"KingOfThe-X-Roads, G.E.Z."
999-C,Gimmighoul-chest,https://www.smogon.com/forums/attachments/999-png.536974/,https://www.smogon.com/forums/attachments/999s-png.536977/,G.E.Z.,
999-W,Gimmighoul-wandering,https://www.smogon.com/forums/attachments/999_1-png.536975/,https://www.smogon.com/forums/attachments/999_1s-png.536976/,KingOfThe-X-Roads,G.E.Z.
1000,Gholdengo,https://www.smogon.com/forums/attachments/1000-png.536978/,https://www.smogon.com/forums/attachments/1000s-png.536979/,Mintly,G.E.Z.
1001,Wo-Chien,https://www.smogon.com/forums/attachments/1001-png.536980/,https://www.smogon.com/forums/attachments/1001s-png.536981/,G.E.Z.,
1002,Chien-Pao,https://www.smogon.com/forums/attachments/1002_1-png.574008/,https://www.smogon.com/forums/attachments/1002s-png.574009/,Sphex,G.E.Z.
1003,Ting-Lu,https://www.smogon.com/forums/attachments/1003_1-png.603597/,https://www.smogon.com/forums/attachments/1003s-png.603598/,"KingOfThe-X-Roads, G.E.Z. (colours)",
1004,Chi-Yu,https://www.smogon.com/forums/attachments/1004-png.603599/,https://www.smogon.com/forums/attachments/1004s-png.603600/,Sphex,G.E.Z.
1005,Roaring Moon,https://www.smogon.com/forums/attachments/1005-png.629261/,https://www.smogon.com/forums/attachments/1005s-png.629262/,Blaquaza,G.E.Z.
1006,Iron Valiant,https://www.smogon.com/forums/attachments/1006-png.536982/,https://www.smogon.com/forums/attachments/1006s-png.536983/,Sphex,G.E.Z.
1007,Koraidon-apex build,https://www.smogon.com/forums/attachments/1007-png.512426/,https://www.smogon.com/forums/attachments/1007s-png.512427/,Blaquaza,G.E.Z.
1008,Miraidon-ultimate mode,https://www.smogon.com/forums/attachments/1008-png.492565/,https://www.smogon.com/forums/attachments/1008s-png.492566/,Sphex,G.E.Z.
1010,Iron Leaves,https://www.smogon.com/forums/attachments/1010-png.512428/,https://www.smogon.com/forums/attachments/1010s-png.512429/,Mintly,G.E.Z.
1011,Dipplin,https://www.smogon.com/forums/attachments/1011-png.653086/,https://www.smogon.com/forums/attachments/1011s-png.653087/,Travis,G.E.Z.
1013,Sinistcha-unremarkable,https://www.smogon.com/forums/attachments/1013-png.732404/,https://www.smogon.com/forums/attachments/1013s-png.732405/,Travis,"KingOfThe-X-Roads, G.E.Z."
1014,Okidogi,https://www.smogon.com/forums/attachments/1014-png.653088/,https://www.smogon.com/forums/attachments/1014s-png.653089/,Katten,G.E.Z.
1015,Munkidori,https://www.smogon.com/forums/attachments/1015-png.653090/,https://www.smogon.com/forums/attachments/1015s-png.653091/,KingOfThe-X-Roads,G.E.Z.
1016,Fezandipiti,https://www.smogon.com/forums/attachments/1016-png.653092/,https://www.smogon.com/forums/attachments/1016s-png.653093/,KingOfThe-X-Roads,G.E.Z.
1017-TM,Ogerpon-teal mask,https://www.smogon.com/forums/attachments/1017_mask1-png.732414/,,G.E.Z.,
1017-WM,Ogerpon-wellspring mask,https://www.smogon.com/forums/attachments/1017_mask2-png.732415/,,G.E.Z.,
1017-HM,Ogerpon-heartflame mask,https://www.smogon.com/forums/attachments/1017_mask3-png.732416/,,G.E.Z.,
1017-CM,Ogerpon-cornerstone mask,https://www.smogon.com/forums/attachments/1017_mask4-png.732417/,,G.E.Z.,
1018,Archaludon,https://www.smogon.com/forums/attachments/1018-png.653094/,https://www.smogon.com/forums/attachments/1018s-png.653095/,KingOfThe-X-Roads,
1019,Hydrapple,https://www.smogon.com/forums/attachments/1019-png.653096/,https://www.smogon.com/forums/attachments/1019s-png.653097/,KyleDove,G.E.Z.
1020,Gouging Fire,https://www.smogon.com/forums/attachments/1020-png.653098/,https://www.smogon.com/forums/attachments/1020s-png.653099/,"BananaToast, G.E.Z.",
1024-N,Terapagos-normal,https://www.smogon.com/forums/attachments/1024-png.653100/,https://www.smogon.com/forums/attachments/1024s-png.653105/,KingOfThe-X-Roads,G.E.Z.
1024-T,Terapagos-terastal,https://www.smogon.com/forums/attachments/1024_1-png.653101/,https://www.smogon.com/forums/attachments/1024_1s-png.653102/,KingOfThe-X-Roads,G.E.Z.
1025,Pecharunt,https://www.smogon.com/forums/attachments/1025-png.653106/,https://www.smogon.com/forums/attachments/1025s-png.653107/,Sphex,"KingOfThe-X-Roads, G.E.Z."
128-BC,Tauros-combat breed,https://www.smogon.com/forums/attachments/128_1-png.573990/,https://www.smogon.com/forums/attachments/128_1s-png.573991/,Sphex,G.E.Z.
128-BB,Tauros-blaze breed,https://www.smogon.com/forums/attachments/128_2-png.603575/,https://www.smogon.com/forums/attachments/128_2s-png.603576/,Sphex,G.E.Z.
128-BA,Tauros-aqua breed,https://www.smogon.com/forums/attachments/128_3-png.603577/,https://www.smogon.com/forums/attachments/128_3s-png.603578/,Sphex,G.E.Z.
194-P,Wooper,https://www.smogon.com/forums/attachments/194_1-png.512398/,https://www.smogon.com/forums/attachments/194_1s-png.512399/,Katten,G.E.Z.
1024-S,Terapagos-stellar,https://www.smogon.com/forums/attachments/1024_2-png.653103/,https://www.smogon.com/forums/attachments/1024_2s-png.653104/,KingOfThe-X-Roads,G.E.Z.
901-BM,Ursaluna-bloodmoon,https://www.smogon.com/forums/attachments/901_1-png.653064/,https://www.smogon.com/forums/attachments/901_1s-png.653065/,KingOfThe-X-Roads,G.E.Z.
1017-NM,Ogerpon-teal (no mask),https://www.smogon.com/forums/attachments/1017_1-png.732406/,https://www.smogon.com/forums/attachments/1017_1s-png.732407/,G.E.Z.,